code_insee,commune,region,population_2023,part_65_plus_pct,revenu_median_uc,loyer_m2,nb_audioprothesistes_2022,nb_audioprothesistes_2026,nb_orl_liberaux_2026,lat,lon,dist_audio_km,score_v2,sans_audio_5k,prioritaire_v2,apl,equipee
01033,Valserhône,84 - Auvergne-Rhône-Alpes,16712,17.1,27090.0,16.8637553118702,0.0,5,0,46.10636818181818,5.827437171717172,0.0,28547.29666911145,False,False,47.78994364158004,1
01071,Cessy,84 - Auvergne-Rhône-Alpes,5832,10.4,47240.0,20.830651303137,0.0,0,0,46.316183333333335,6.077904583333333,7.3,34651.18361457002,True,True,111.5944904441347,0
01173,Gex,84 - Auvergne-Rhône-Alpes,13627,10.08,41100.0,19.9021436251448,0.0,0,0,46.346787625,6.04846775,5.8,33038.32309939616,True,True,95.7638691342914,0
01281,Ornex,84 - Auvergne-Rhône-Alpes,5082,12.0,39600.0,21.7232113348132,0.0,0,0,46.27633166666666,6.095238333333333,2.7,31799.94956345414,True,True,100.81704202343514,0
01289,Péronnas,84 - Auvergne-Rhône-Alpes,6444,27.44,27120.0,11.7553776383391,0.0,1,0,46.17032999999999,5.215006486486486,0.0,30685.895216771696,False,False,89.8044890808771,1
01313,Prévessin-Moëns,84 - Auvergne-Rhône-Alpes,9153,9.97,47980.0,24.134103063741,0.0,0,0,46.2559936764706,6.069940147058823,2.6,33042.8748531755,True,True,105.94651738354588,0
01344,Saint-Denis-lès-Bourg,84 - Auvergne-Rhône-Alpes,6160,24.5,28490.0,11.4852676955288,0.0,0,0,46.21164,5.184025517241379,5.0,31658.960937445285,True,False,87.02308519564485,0
02340,Gauchy,32 - Hauts-de-France,5183,24.21,23200.0,10.1350165894,0.0,1,0,49.82325619047619,3.2848461904761903,0.0,30414.274238344635,False,False,91.0836753517076,1
03101,Domérat,84 - Auvergne-Rhône-Alpes,8622,32.42,25630.0,8.48736231192463,0.0,0,0,46.36865233333334,2.5439912222222225,5.4,32009.292094127824,True,True,46.69290917235054,0
03321,Yzeure,84 - Auvergne-Rhône-Alpes,12897,27.93,26620.0,9.97620259082184,0.0,0,0,46.56814666666666,3.3798571604938275,4.0,31262.70149691005,True,False,52.27633307355971,0
04143,Oraison,93 - Provence-Alpes-Côte d'Azur,6155,29.49,25670.0,11.5051509814358,0.0,0,0,43.916222968750006,5.932011875,4.4,31470.58137937828,True,False,42.18004293801322,0
06018,Biot,93 - Provence-Alpes-Côte d'Azur,10511,18.73,33870.0,19.7011951629555,0.0,0,0,43.62662321428572,7.0829401785714285,3.0,31604.68568884316,True,False,73.25946746751535,0
06044,La Colle-sur-Loup,93 - Provence-Alpes-Côte d'Azur,8202,23.36,32700.0,17.6620826229296,0.0,0,0,43.68594461538461,7.094906153846155,3.3,31878.51510352396,True,True,67.09343946973048,0
06054,Drap,93 - Provence-Alpes-Côte d'Azur,5484,20.28,24800.0,18.058294696679,0.0,0,0,43.75869617021275,7.33711106382979,1.5,29711.062128864723,True,False,61.34475585664909,0
06065,La Gaude,93 - Provence-Alpes-Côte d'Azur,7265,24.81,32490.0,17.8310878204013,0.0,0,0,43.71735210526316,7.154555789473685,4.2,32353.751514457857,True,True,75.6393418360852,0
06075,Levens,93 - Provence-Alpes-Côte d'Azur,5377,20.26,28950.0,13.7162306628227,0.0,2,0,43.84838729411765,7.238814235294116,0.0,29440.37660842466,False,False,40.835409780992265,1
06084,Mouans-Sartoux,93 - Provence-Alpes-Côte d'Azur,11015,24.81,31230.0,18.2225305484155,0.0,1,0,43.62092107142856,6.967203035714285,0.0,32278.338524962048,False,False,71.51068821032186,1
06108,La Roquette-sur-Siagne,93 - Provence-Alpes-Côte d'Azur,5669,20.58,30530.0,18.1679032429974,0.0,0,0,43.58374515151515,6.948780303030303,2.1,30787.898321132438,True,False,80.19344906181936,0
06159,Villefranche-sur-Mer,93 - Provence-Alpes-Côte d'Azur,5008,35.99,29910.0,24.4507488274821,0.0,0,0,43.7091524,7.3207141999999985,1.0,32124.36576575912,True,True,62.29505526938583,0
08328,Nouzonville,44 - Grand Est,5523,22.62,21220.0,9.07438207150672,0.0,1,0,49.82076488888888,4.7479827777777786,0.0,31048.23075651558,False,False,94.49771204011697,1
10081,La Chapelle-Saint-Luc,44 - Grand Est,12648,18.82,17650.0,10.1924437012555,0.0,0,0,48.317347954545454,4.03715409090909,1.9,32185.349049786608,True,True,105.58859689027275,0
10297,Pont-Sainte-Marie,44 - Grand Est,5249,25.58,22130.0,10.7618755761696,0.0,0,0,48.318265483870974,4.098416451612903,2.9,31468.395913085747,True,False,105.41090461936126,0
10343,Saint-Julien-les-Villas,44 - Grand Est,6760,25.11,24780.0,10.795715947426,0.0,0,0,48.27419142857142,4.105707142857143,2.5,30218.84557402401,True,False,118.595653654025,0
11106,Coursan,76 - Occitanie,5737,26.45,23010.0,10.2864722337343,0.0,1,0,43.24488542372881,3.061677627118645,0.0,30828.09768571745,False,False,89.6625287557257,1
11170,Gruissan,76 - Occitanie,5032,37.71,23820.0,12.8086559687569,0.0,1,0,43.10556807692308,3.086030897435897,0.0,31639.90587598168,False,False,66.43177565275688,1
12133,Luc-la-Primaube,76 - Occitanie,6046,25.18,27310.0,10.095693711298,0.0,4,0,44.3049375609756,2.538368617886179,0.0,28826.19575729614,False,False,134.18669813347353,1
13014,Berre-l'Étang,93 - Provence-Alpes-Côte d'Azur,13832,18.83,22620.0,14.2045012857804,0.0,2,0,43.49932714285713,5.159515714285713,0.0,30476.545235047863,False,False,112.9999752681919,1
13019,Cabriès,93 - Provence-Alpes-Côte d'Azur,10240,20.28,37450.0,18.1112105088908,0.0,3,0,43.45193283950618,5.349882469135802,0.0,30986.18817340582,False,False,123.0905488496896,1
13030,Cuges-les-Pins,93 - Provence-Alpes-Côte d'Azur,6236,15.91,28010.0,12.2612846032291,0.0,0,0,43.27777095890411,5.708842328767124,5.3,30885.813276920817,True,False,94.11595668707427,0
13033,Ensuès-la-Redonne,93 - Provence-Alpes-Côte d'Azur,5757,20.58,32620.0,18.0862757493737,0.0,1,0,43.35529493975904,5.199253734939759,0.0,31080.802955960942,False,False,84.2673129850411,1
13035,Eyguières,93 - Provence-Alpes-Côte d'Azur,7119,19.96,28960.0,13.5685986864432,0.0,1,0,43.71213205479452,5.010950958904109,0.0,30450.20898649175,False,False,64.12918505862768,1
13040,Fuveau,93 - Provence-Alpes-Côte d'Azur,10337,18.08,31570.0,16.1670927593952,0.0,2,0,43.460399230769234,5.553996538461537,0.0,30263.98091035377,False,False,111.24970317663276,1
13043,Gignac-la-Nerthe,93 - Provence-Alpes-Côte d'Azur,10343,18.78,27430.0,16.0068172219532,0.0,0,0,43.390595,5.232186363636364,3.0,30385.962413997517,True,False,102.48235522964777,0
13044,Grans,93 - Provence-Alpes-Côte d'Azur,5489,22.1,30470.0,14.385360872616,0.0,0,0,43.608485306122446,5.051080612244898,4.2,31565.873440638577,True,False,89.06895262381128,0
13051,Lançon-Provence,93 - Provence-Alpes-Côte d'Azur,9915,17.76,29580.0,14.2228134275841,0.0,1,0,43.57965726315789,5.160214105263157,0.0,30886.72674221258,False,False,104.77183812736594,1
13060,Meyreuil,93 - Provence-Alpes-Côte d'Azur,6747,16.82,30770.0,17.6134755797057,0.0,0,0,43.49426852459016,5.493277377049181,3.1,30826.5249431486,True,False,110.02135460628412,0
13066,Noves,93 - Provence-Alpes-Côte d'Azur,6080,21.19,26120.0,11.8172737347435,0.0,0,0,43.856033548387096,4.902976612903225,4.0,30568.487469437096,True,False,85.06273565131532,0
13070,La Penne-sur-Huveaune,93 - Provence-Alpes-Côte d'Azur,6605,23.1,27380.0,15.4728664844467,0.0,2,0,43.27759928571428,5.517556428571429,0.0,29699.13014414578,False,False,97.97625813902296,1
13073,Peypin,93 - Provence-Alpes-Côte d'Azur,5771,21.87,30670.0,15.7372170706934,0.0,0,0,43.386463584905655,5.572424528301886,2.5,30969.025956801583,True,False,102.23212715064078,0
13080,Le Puy-Sainte-Réparade,93 - Provence-Alpes-Côte d'Azur,5935,23.97,28490.0,15.0972182426423,0.0,0,0,43.65126803030304,5.438048484848486,7.8,32918.9100395074,True,True,86.69493025986881,0
13084,La Roque-d'Anthéron,93 - Provence-Alpes-Côte d'Azur,5459,22.42,25650.0,15.012294764084,0.0,0,0,43.71231671428572,5.3072360000000005,7.2,32064.96876057233,True,True,90.18290824887578,0
13085,Roquefort-la-Bédoule,93 - Provence-Alpes-Côte d'Azur,5798,27.39,30260.0,16.0411128853789,0.0,1,0,43.25123471428571,5.627192714285715,0.0,31289.15606914753,False,False,103.16683903234993,1
13088,Le Rove,93 - Provence-Alpes-Côte d'Azur,5246,22.39,28850.0,17.3728984192202,0.0,0,0,43.36159675675676,5.249845405405406,4.1,31456.53220847008,True,False,89.19978053044889,0
13091,Saint-Cannat,93 - Provence-Alpes-Côte d'Azur,6097,23.99,30640.0,17.7273693059565,0.0,1,0,43.61393666666666,5.305357719298246,0.0,31154.57528137561,False,False,97.1606096109172,1
13092,Saint-Chamas,93 - Provence-Alpes-Côte d'Azur,8676,20.44,27990.0,14.2801594430206,0.0,0,0,43.5467238372093,5.067434418604651,4.6,31178.432006468567,True,False,93.74071522264808,0
13106,Septèmes-les-Vallons,93 - Provence-Alpes-Côte d'Azur,11995,19.54,25500.0,15.7944430726668,0.0,0,0,43.39039246575342,5.377542328767124,4.5,30753.26981839845,True,False,109.9355124185057,0
13107,Simiane-Collongue,93 - Provence-Alpes-Côte d'Azur,5780,23.18,32040.0,15.4160390397883,0.0,0,0,43.41006039473684,5.4376531578947365,4.3,32020.65393355592,True,True,111.1514802875332,0
13114,Ventabren,93 - Provence-Alpes-Côte d'Azur,5839,26.92,37490.0,19.3984093650668,0.0,0,0,43.54183986486487,5.301189864864865,3.9,33315.80705357691,True,True,110.60636700843398,0
13119,Carnoux-en-Provence,93 - Provence-Alpes-Côte d'Azur,6873,26.03,29480.0,16.1723568142129,0.0,2,0,43.25843565217391,5.567373043478261,0.0,30393.8636715564,False,False,84.18265869638545,1
14061,Souleuvre en Bocage,28 - Normandie,8629,21.87,24390.0,9.06516769561828,0.0,0,0,48.95780178832116,-0.8427163868613139,16.0,35367.65894859964,True,True,58.26641880893454,0
14076,Blainville-sur-Orne,28 - Normandie,6106,19.61,24740.0,12.0771057562395,0.0,1,0,49.227510555555554,-0.3105638888888889,0.0,29617.31771931193,False,False,80.994452776089,1
14098,Thue et Mue,28 - Normandie,6182,15.82,28240.0,11.87016272355,0.0,0,0,49.19906957627119,-0.5361239830508474,6.2,31252.036281139783,True,False,67.21073986532383,0
14167,Colombelles,28 - Normandie,7243,18.28,21980.0,12.6634783844664,0.0,0,0,49.19831063829786,-0.2974744680851063,2.5,30751.9024554274,True,False,78.15301575403291,0
14174,Condé-en-Normandie,28 - Normandie,5985,31.14,23200.0,8.36636531593613,0.0,2,0,48.89226385714286,-0.590918619047619,0.0,30403.968830392987,False,False,56.734370838898286,1
14181,Cormelles-le-Royal,28 - Normandie,5377,24.37,25730.0,13.2796304163122,0.0,0,0,49.15418307692308,-0.326106923076923,1.7,29979.024785751,True,False,75.86768774955313,0
14228,Douvres-la-Délivrande,28 - Normandie,5143,27.02,28790.0,12.0383209734437,0.0,1,0,49.292689,-0.3956253999999999,0.0,30679.30941536796,False,False,58.8712078054812,1
14301,Giberville,28 - Normandie,5077,20.02,24220.0,12.1701267723735,0.0,0,0,49.17698000000001,-0.2853296969696969,1.9,29756.515509136854,True,False,75.31704488181508,0
14371,Livarot-Pays-d'Auge,28 - Normandie,6207,24.56,23190.0,9.19062001583693,0.0,0,0,48.99932534722223,0.2117224999999999,8.7,33186.20202266533,True,True,51.63134582879734,0
14431,Mézidon Vallée d'Auge,28 - Normandie,9766,20.11,23660.0,9.55418339762312,0.0,3,0,49.08331479365079,-0.0036409841269841,0.0,29028.654851007846,False,False,70.00999375167225,1
14514,Pont-l'Évêque,28 - Normandie,5145,28.07,24220.0,13.1181818739885,0.0,2,0,49.28092541666666,0.1891083333333333,0.0,29859.391428548774,False,False,67.19225628667498,1
14654,Saint-Pierre-en-Auge,28 - Normandie,7100,27.13,23130.0,8.79713329991794,0.0,1,0,48.994828936170215,0.0261990212765957,0.0,31024.85245036608,False,False,58.05435314217414,1
14726,Valdallière,28 - Normandie,5696,20.85,23750.0,8.69004469987147,0.0,0,0,48.85696778761061,-0.7352858407079645,11.0,33482.744193806146,True,True,63.010129976230125,0
14762,Vire Normandie,28 - Normandie,17457,28.32,24040.0,9.26885331229376,0.0,11,3,48.81466186440678,-0.8706042372881356,0.0,28547.893082537008,False,False,66.76082059652947,1
16154,Gond-Pontouvre,75 - Nouvelle-Aquitaine,5862,25.08,24360.0,11.0292480073542,0.0,0,0,45.67923476190476,0.1664816666666667,3.2,30670.091003329828,True,False,81.11466012614925,0
16166,L'Isle-d'Espagnac,75 - Nouvelle-Aquitaine,5682,29.34,25300.0,10.4651165088906,0.0,0,0,45.66383400000001,0.1976377142857142,2.7,30658.054047725767,True,False,84.66526485256044,0
16291,Ruelle-sur-Touvre,75 - Nouvelle-Aquitaine,7408,26.59,25400.0,10.0345018419083,0.0,0,0,45.6841670967742,0.2326222580645161,4.8,31225.85376843279,True,False,75.14261847558315,0
17142,Dompierre-sur-Mer,75 - Nouvelle-Aquitaine,6315,26.5,28900.0,16.0151111043015,0.0,0,0,46.18573309090908,-1.0638341818181818,3.5,31568.68689911224,True,False,99.82566154675013,0
17219,Marennes-Hiers-Brouage,75 - Nouvelle-Aquitaine,6163,36.55,24560.0,11.0994409660463,0.0,3,0,45.82318893939394,-1.1096810606060603,0.0,30165.47253072269,False,False,73.0625702034416,1
17299,Rochefort,75 - Nouvelle-Aquitaine,23460,29.15,23220.0,12.2129573218829,0.0,14,1,45.94605627118644,-0.9698125423728812,0.0,27978.30260320209,False,False,79.55533216650387,1
17333,Saint-Georges-de-Didonne,75 - Nouvelle-Aquitaine,5092,55.25,28660.0,13.4988380428414,0.0,0,0,45.60135290322581,-0.9853354838709676,4.2,34543.06492277557,True,True,61.82983090298982,0
17407,Sainte-Soulle,75 - Nouvelle-Aquitaine,5034,17.62,28190.0,16.0759432381106,0.0,0,0,46.18999227272727,-1.008278484848485,7.0,31963.59383263904,True,True,83.3753469367944,0
17414,Saint-Xandre,75 - Nouvelle-Aquitaine,5677,25.54,28370.0,14.1115515128686,0.0,0,0,46.21278907692308,-1.0976346153846153,3.1,31122.313144328236,True,False,100.94330563831062,0
17449,Tonnay-Charente,75 - Nouvelle-Aquitaine,8289,26.93,24570.0,11.6902562099181,0.0,0,0,45.963624204545454,-0.8739527272727272,7.7,32621.325422744358,True,True,72.86784899651813,0
18205,Saint-Doulchard,24 - Centre-Val de Loire,9647,28.8,28200.0,10.2563088993427,0.0,3,5,47.10569419753087,2.355308395061728,0.0,31303.21739324126,False,False,67.82305590211702,1
18207,Saint-Florent-sur-Cher,24 - Centre-Val de Loire,6463,28.68,23860.0,8.82356849831913,0.0,0,0,46.98976120689655,2.2590067241379312,14.4,35593.67827372505,True,True,48.2239318820118,0
19229,Saint-Pantaléon-de-Larche,75 - Nouvelle-Aquitaine,5091,22.53,25720.0,11.9147358553451,0.0,0,0,45.14950051948051,1.4318453246753249,6.9,31798.36040419945,True,True,92.83749416268124,0
21355,Longvic,27 - Bourgogne-Franche-Comté,8896,21.93,24550.0,12.2070368051804,0.0,0,0,47.288117692307694,5.051949743589743,3.2,30360.604907463465,True,False,99.41443893842984,0
21390,Marsannay-la-Côte,27 - Bourgogne-Franche-Comté,5433,24.28,26780.0,12.0333577994949,0.0,0,0,47.27838826923077,4.983150192307692,2.7,30470.288098422912,True,False,87.72155517329152,0
22046,Le Mené,53 - Bretagne,6556,24.35,24120.0,8.24032295700092,0.0,1,0,48.28685646288209,-2.5272724890829696,0.0,30219.86207856372,False,False,47.68828005338301,1
22055,Binic-Étables-sur-Mer,53 - Bretagne,7041,36.74,29430.0,11.5896376255706,0.0,0,0,48.61421534883721,-2.836828372093024,4.5,32843.181336916496,True,True,87.78004182426331,0
22093,Lamballe-Armor,53 - Bretagne,17241,24.99,26700.0,11.2954315992746,0.0,7,0,48.45662979166666,-2.515949125,0.0,28398.265850092568,False,False,75.87664680545684,1
22176,Plédran,53 - Bretagne,6933,18.65,25380.0,10.6022046318008,0.0,0,0,48.44176051724138,-2.7403320689655164,4.1,30176.43807887222,True,False,102.24572592699766,0
22225,Ploumagoar,53 - Bretagne,5414,23.85,25790.0,10.4967922052947,0.0,0,0,48.532082376237625,-3.1111282178217827,3.5,30507.11285156276,True,False,74.23304312204849,0
22251,Pordic,53 - Bretagne,7454,25.71,28690.0,11.6038978104684,0.0,0,0,48.570791834862376,-2.8313791743119263,5.0,31825.684515163503,True,True,102.5759220160322,0
22360,Trégueux,53 - Bretagne,8450,29.21,26140.0,11.0387325338769,0.0,2,0,48.47840564705883,-2.746297294117647,0.0,30062.955022115428,False,False,104.09345003157706,1
22389,Yffiniac,53 - Bretagne,5074,19.75,26370.0,10.3376058927214,0.0,1,0,48.467562048192775,-2.681550120481928,0.0,29456.710336879965,False,False,94.25660403110976,1
24053,Boulazac Isle Manoire,75 - Nouvelle-Aquitaine,10759,24.23,26190.0,10.8463850266223,0.0,4,0,45.13937984732825,0.7849286259541984,0.0,28858.53110746626,False,False,88.43084503556332,1
24138,Coulounieix-Chamiers,75 - Nouvelle-Aquitaine,7832,28.96,24790.0,10.2657116733927,0.0,0,0,45.16735984375,0.68757171875,3.4,30937.61315289881,True,False,89.60252351035648,0
24294,Montpon-Ménestérol,75 - Nouvelle-Aquitaine,5866,35.37,22880.0,10.5905459864471,0.0,2,0,45.02090650684932,0.1502536301369863,0.0,31064.91120711471,False,False,44.25210002651506,1
25057,Bethoncourt,27 - Bourgogne-Franche-Comté,5308,22.47,19780.0,9.04334284397641,0.0,0,0,47.538828108108106,6.799508918918919,2.4,31799.260489071134,True,True,74.24198554963921,0
25284,Grand-Charmont,27 - Bourgogne-Franche-Comté,5873,21.07,21070.0,10.038508035545,0.0,0,0,47.53225518518519,6.8249466666666665,2.0,31043.397685173404,True,False,77.33049842030867,0
25321,Villers-le-Lac,27 - Bourgogne-Franche-Comté,5292,15.22,42410.0,14.703384200636,0.0,0,0,47.07250862068965,6.690594741379309,5.1,33152.45810237482,True,True,49.67124327226464,0
25580,Valentigney,27 - Bourgogne-Franche-Comté,10501,22.14,21950.0,9.97400454999752,0.0,0,0,47.46271146341464,6.827011707317074,2.7,31104.16350121379,True,False,66.92682054543948,0
26057,Bourg-de-Péage,84 - Auvergne-Rhône-Alpes,9921,23.73,24010.0,10.5572885854411,0.0,2,1,45.020890882352944,5.053565882352941,0.0,30119.06019844978,False,False,102.881716391246,1
26064,Chabeuil,84 - Auvergne-Rhône-Alpes,6833,23.11,28090.0,10.0618026583999,0.0,2,0,44.902031028037385,5.013974392523363,0.0,29544.890966342213,False,False,110.51381798657762,1
26116,Donzère,84 - Auvergne-Rhône-Alpes,6008,16.87,24210.0,9.81442700092517,0.0,0,0,44.431201774193546,4.703979354838711,7.6,31604.2192066224,True,False,60.83828779995807,0
26124,Étoile-sur-Rhône,84 - Auvergne-Rhône-Alpes,5468,19.21,27930.0,11.4884804483474,0.0,1,0,44.82723386792453,4.872565188679246,0.0,29786.955888121,False,False,98.15936694344327,1
26313,Saint-Marcel-lès-Valence,84 - Auvergne-Rhône-Alpes,6176,21.59,26570.0,11.1510922472438,0.0,0,0,44.97218553571429,4.94641875,3.8,30564.77423965845,True,False,118.00944477147276,0
26347,Tain-l'Hermitage,84 - Auvergne-Rhône-Alpes,5915,22.65,25380.0,11.2464984153812,0.0,4,0,45.07073421052632,4.851726842105263,0.0,28313.17504003333,False,False,93.84327334251704,1
27022,Le Val d'Hazey,28 - Normandie,5111,18.92,23990.0,10.3996689004598,0.0,0,0,49.16937942857143,1.312141,2.1,29722.901411694715,True,False,56.55150757761959,0
27198,Mesnils-sur-Iton,28 - Normandie,6078,20.38,25240.0,9.99657364401046,0.0,0,0,48.86405023041474,1.0239104608294929,12.2,33529.62133504443,True,True,66.12002933411605,0
27213,Vexin-sur-Epte,28 - Normandie,6015,16.77,27670.0,10.6155266165024,0.0,0,0,49.16966165217392,1.5753270869565217,10.5,32907.94743511969,True,True,42.91199701139704,0
27448,Pacy-sur-Eure,28 - Normandie,5027,26.45,26010.0,12.2901871778437,0.0,1,0,49.0185378313253,1.3797436144578314,0.0,30171.48250668276,False,False,67.0528958896291,1
27602,Saint-Sébastien-de-Morsent,28 - Normandie,5524,24.87,26090.0,10.9366635783912,0.0,0,0,49.012722653061225,1.0717028571428573,4.7,31161.115531794974,True,False,60.58213707415969,0
27679,Verneuil d'Avre et d'Iton,28 - Normandie,7193,28.72,22520.0,10.2684341210581,0.0,5,1,48.76036419889502,0.8866244198895027,0.0,29871.828732438524,False,False,49.35103646106178,1
27701,Val-de-Reuil,28 - Normandie,13245,9.39,18960.0,12.4698986220886,0.0,0,0,49.26220469072165,1.2092811340206189,6.3,32607.689154804037,True,True,74.92784761502509,0
28015,Auneau-Bleury-Saint-Symphorien,24 - Centre-Val de Loire,6419,16.23,26260.0,12.8590253499576,0.0,2,0,48.494701709401696,1.7630725641025642,0.0,28661.421399907173,False,False,64.89898602074256,1
28103,Cloyes-les-Trois-Rivières,24 - Centre-Val de Loire,5607,31.08,25690.0,9.23275158107138,0.0,1,0,48.0030584,1.30140536,0.0,30531.100394461653,False,False,75.01863758389243,1
28209,Lèves,24 - Centre-Val de Loire,5685,19.7,28220.0,13.8958564798763,0.0,1,0,48.47741977272728,1.4716652272727269,0.0,30053.249047441423,False,False,65.67728829298426,1
28220,Luisant,24 - Centre-Val de Loire,6945,25.14,28080.0,12.3741955257407,0.0,0,0,48.42446793103448,1.4702758620689658,1.9,30470.148461643377,True,False,67.58252967796169,0
28229,Mainvilliers,24 - Centre-Val de Loire,10629,17.09,23140.0,14.889009043237,0.0,0,2,48.46367283018868,1.443831509433962,2.6,30906.871507817632,True,False,64.88958466052713,0
29020,Briec,53 - Bretagne,5816,18.61,24840.0,10.1131904577312,0.0,1,0,48.090412145748985,-4.00977072874494,0.0,29315.98955276232,False,False,66.3183817742335,1
29061,Gouesnou,53 - Bretagne,6501,22.1,29020.0,12.410273427838,0.0,2,0,48.44780373134328,-4.461620746268657,0.0,29683.33726859213,False,False,84.28163865049075,1
29158,Penmarch,53 - Bretagne,5508,41.17,26250.0,10.9274828048208,0.0,0,0,47.81334102941177,-4.341711764705883,4.2,32615.970786886868,True,True,51.64530989001808,0
29174,Plonéour-Lanvern,53 - Bretagne,6452,22.66,25800.0,10.0191520417846,0.0,0,0,47.906682,-4.266745135135134,6.3,31490.062970668725,True,False,77.56571847236363,0
29195,Plouguerneau,53 - Bretagne,6755,28.32,26730.0,10.4913121241617,0.0,0,0,48.61183491803278,-4.5120683606557375,4.9,31671.10578097901,True,False,42.90281477323955,0
29199,Plouigneau,53 - Bretagne,5014,24.55,26020.0,8.41819823040831,0.0,0,0,48.5735905780347,-3.7081009248554913,8.4,32459.56290593237,True,True,83.57783498887382,0
2B037,Biguglia,94 - Corse,7642,20.07,26420.0,13.4669881277428,0.0,0,0,42.613110285714285,9.426696285714284,4.6,30842.019929624046,True,False,107.19041623529552,0
2B148,Lucciana,94 - Corse,6923,14.71,23440.0,13.1389555904191,0.0,0,0,42.53722309999999,9.4673543,4.3,30558.3701109617,True,False,99.19764965609312,0
30006,Aimargues,76 - Occitanie,5705,16.24,25090.0,13.0681555019975,0.0,0,0,43.6697540625,4.2053635937500005,5.9,30734.79342555084,True,False,93.49215605460392,0
30033,Beauvoisin,76 - Occitanie,6066,14.75,24910.0,12.3017197552509,0.0,0,0,43.69691828571429,4.320699428571428,7.7,31288.133089287865,True,False,75.0895443000617,0
30125,Garons,76 - Occitanie,5381,17.88,24640.0,12.9235094837184,0.0,0,0,43.770868285714286,4.436303428571429,4.2,30337.88755275424,True,False,85.86653148629468,0
30141,Laudun-l'Ardoise,76 - Occitanie,6835,16.7,25470.0,9.70515990452084,0.0,0,0,44.105853260869566,4.657956847826087,6.9,31066.932839255533,True,False,73.46031300791472,0
30169,Milhaud,76 - Occitanie,6297,23.42,23560.0,11.9162081772365,0.0,0,0,43.785804444444445,4.312853174603174,3.0,30792.26867930279,True,False,95.25966929059892,0
30217,Rochefort-du-Gard,76 - Occitanie,8117,19.34,28710.0,13.5628444391736,0.0,0,0,43.98119887640449,4.677049887640449,7.0,32101.085616026256,True,True,77.44974269545324,0
30243,Saint-Christol-lez-Alès,76 - Occitanie,7310,28.77,23280.0,10.576993374739,0.0,1,0,44.08661755555555,4.075298666666668,0.0,31265.0068431538,False,False,72.011754160843,1
30294,Saint-Privat-des-Vieux,76 - Occitanie,5703,27.98,26260.0,9.83510324231254,0.0,0,1,44.14025030303031,4.129614242424243,3.6,31278.723968764876,True,False,71.59156678581795,0
30351,Villeneuve-lès-Avignon,76 - Occitanie,13148,30.56,31060.0,13.4776279272851,0.0,3,0,43.98194061538461,4.802533538461538,0.0,30956.595605764385,False,False,95.30505040305664,1
31032,Aussonne,76 - Occitanie,7997,16.28,28720.0,12.5087862739183,0.0,1,0,43.679779800000006,1.3293128,0.0,30148.70082532655,False,False,108.88638771447046,1
31056,Beauzelle,76 - Occitanie,8713,16.25,26990.0,13.0849181863082,0.0,1,0,43.66930131578948,1.3740226315789472,0.0,30036.087232777456,False,False,128.48711654552395,1
31091,Bruguières,76 - Occitanie,6202,18.33,28080.0,11.9974910306978,0.0,2,0,43.72817790322579,1.408509032258065,0.0,29097.44156343303,False,False,100.64219095548638,1
31107,Carbonne,76 - Occitanie,5563,23.92,25160.0,10.5128241712348,0.0,5,0,43.29517923809525,1.2285146666666669,0.0,28067.6412304369,False,False,63.1138981928812,1
31118,Castelnau-d'Estrétefonds,76 - Occitanie,7003,11.37,28440.0,11.2728713637632,0.0,1,0,43.79655560975609,1.3560198780487809,0.0,29350.61048405557,False,False,97.7700222225504,1
31165,Eaunes,76 - Occitanie,6539,16.27,27400.0,12.4494278767957,0.0,0,0,43.42621298245614,1.3562366666666663,4.9,30676.699179683248,True,False,99.83120513507538,0
31169,Escalquens,76 - Occitanie,6924,21.26,30900.0,12.6224820842318,0.0,0,0,43.52013926829269,1.554691463414634,3.6,31223.799392834106,True,False,109.86663264616205,0
31188,Fontenilles,76 - Occitanie,5906,11.49,32160.0,10.7890446886724,0.0,0,0,43.554814285714286,1.1992548571428572,4.4,30662.61788588509,True,False,104.21527128428342,0
31203,Frouzins,76 - Occitanie,9805,17.92,28160.0,12.1210979460774,0.0,1,0,43.523365000000005,1.3146179411764705,0.0,30543.420866704728,False,False,120.59080400837554,1
31282,Launaguet,76 - Occitanie,9173,13.9,26040.0,12.3852975544234,0.0,0,0,43.66871711111111,1.4532055555555552,2.4,29235.33997237584,True,False,133.43336254092938,0
31351,Mondonville,76 - Occitanie,6060,11.23,26710.0,12.0435220376478,0.0,1,0,43.66557880952381,1.2821323809523808,0.0,28922.745752102208,False,False,107.74880896572368,1
31417,Pibrac,76 - Occitanie,8977,20.76,34480.0,12.2381441461091,0.0,1,0,43.62239845070422,1.2671960563380278,0.0,31685.5795906316,False,False,112.32369134517576,1
31467,Saint-Alban,76 - Occitanie,6534,19.85,25370.0,11.8764435504254,0.0,0,0,43.694678,1.4118203333333332,2.0,29521.054784066026,True,False,114.70453370012234,0
31490,Saint-Jory,76 - Occitanie,8662,10.94,24170.0,11.753311054369,0.0,1,0,43.73824434782609,1.3585934782608693,0.0,29429.273085745604,False,False,106.0347078819116,1
31526,La Salvetat-Saint-Gilles,76 - Occitanie,8511,13.58,30260.0,11.6861339947647,0.0,1,0,43.57585571428572,1.2658677142857142,0.0,30172.587332587194,False,False,110.46446978519388,1
33029,Le Barp,75 - Nouvelle-Aquitaine,5806,13.58,28560.0,12.7231261701006,0.0,0,0,44.62681177419356,-0.7692854838709678,10.2,32722.60436333224,True,True,84.29207612711222,0
33032,Bassens,75 - Nouvelle-Aquitaine,8435,18.51,23860.0,13.0657178093005,0.0,0,0,44.908065121951225,-0.5229478048780488,1.7,29736.323687960557,True,False,124.79563968230607,0
33042,Belin-Béliet,75 - Nouvelle-Aquitaine,6275,16.73,26500.0,12.8251203357796,0.0,0,0,44.48295373134329,-0.7728536567164179,10.6,32878.25380662057,True,True,34.95835391503602,0
33080,Cadaujac,75 - Nouvelle-Aquitaine,6909,16.87,27390.0,13.7506827356545,0.0,0,0,44.74781766666667,-0.530825,3.4,30207.250060105405,True,False,108.64572899316668,0
33090,Canéjan,75 - Nouvelle-Aquitaine,5756,22.69,29510.0,13.9611961708106,0.0,0,0,44.758058478260864,-0.6522002173913044,3.1,31010.96308104589,True,False,117.69462731270978,0
33162,Eysines,75 - Nouvelle-Aquitaine,24825,18.05,27210.0,13.9467465602721,0.0,0,0,44.87677299999999,-0.6479007999999999,2.9,30211.5740914992,True,False,122.99685096224508,0
33207,Izon,75 - Nouvelle-Aquitaine,6374,16.11,27590.0,13.0915142664563,0.0,0,0,44.92030137254902,-0.3603974509803921,5.8,31084.48346038501,True,False,106.59286331852198,0
33229,Lanton,75 - Nouvelle-Aquitaine,7337,34.01,28900.0,13.6775391990229,0.0,0,0,44.75319604395605,-1.0048674725274729,5.9,33159.92159779717,True,True,134.99579856515862,0
33256,Ludon-Médoc,75 - Nouvelle-Aquitaine,5578,15.21,28440.0,13.0436601328033,0.0,0,0,44.98220163636363,-0.5954692727272728,3.3,30122.433210840896,True,False,105.70020558194722,0
33284,Mios,75 - Nouvelle-Aquitaine,12043,13.64,28780.0,13.3021160179799,0.0,1,0,44.62788007692308,-0.8975854615384614,0.0,30692.484490490515,False,False,108.14703269458454,1
33312,Parempuyre,75 - Nouvelle-Aquitaine,10672,16.6,27370.0,13.1926101206978,0.0,1,0,44.95322162790697,-0.5877876744186047,0.0,30504.64941074909,False,False,111.501006932636,1
33322,Le Pian-Médoc,75 - Nouvelle-Aquitaine,7292,19.08,30350.0,13.3040421952958,0.0,4,0,44.96035622222222,-0.6579844444444445,0.0,28929.706774943443,False,False,100.9551057124718,1
33376,Saint-Aubin-de-Médoc,75 - Nouvelle-Aquitaine,7769,18.83,34760.0,12.4065363154161,0.0,1,0,44.92531,-0.7455974193548385,0.0,31318.250734760517,False,False,101.88689780931487,1
33393,Saint-Denis-de-Pile,75 - Nouvelle-Aquitaine,5955,22.29,24380.0,11.1222767699523,0.0,0,0,44.988738181818185,-0.2000404545454545,8.6,32548.687780401684,True,True,70.00237915743493,0
33519,Le Taillan-Médoc,75 - Nouvelle-Aquitaine,11073,18.42,30990.0,13.6909505897568,0.0,2,0,44.90697390243903,-0.6739280487804877,0.0,30145.198331564294,False,False,117.07726001279894,1
33527,Le Teich,75 - Nouvelle-Aquitaine,9180,20.51,28280.0,13.6645109884955,0.0,0,0,44.61321741573033,-1.014905842696629,5.4,31521.371853329845,True,False,153.33913202880925,0
33535,Tresses,75 - Nouvelle-Aquitaine,5290,21.38,28650.0,13.4313019541442,0.0,0,0,44.84271245614036,-0.4717671929824561,2.3,30391.996315953227,True,False,120.91228349529902,0
33555,Marcheprime,75 - Nouvelle-Aquitaine,5696,14.11,28150.0,13.0555478038631,0.0,0,0,44.69315517241378,-0.8598210344827586,7.8,31767.64608887892,True,True,137.30800538214245,0
34023,Balaruc-les-Bains,76 - Occitanie,7139,31.92,26450.0,13.9662756318194,0.0,0,0,43.4519644117647,3.696642058823529,1.4,30775.7122267366,True,False,71.09041653508447,0
34069,Cazouls-lès-Béziers,76 - Occitanie,5261,20.99,23440.0,10.0483183635352,0.0,0,0,43.39779881188119,3.1033234653465342,4.8,31210.46251881054,True,False,61.33673299135508,0
34113,Gigean,76 - Occitanie,6639,16.21,25740.0,13.4599703855157,0.0,0,0,43.49661145454545,3.7186438181818176,4.0,30101.668127777077,True,False,95.02964374097655,0
34192,Palavas-les-Flots,76 - Occitanie,6133,41.02,25340.0,16.3799604102853,0.0,1,0,43.53322923076924,3.9323919230769233,0.0,31955.70150199221,False,False,94.37560534661768,1
34213,Poussan,76 - Occitanie,6797,19.89,25860.0,12.1598665305622,0.0,0,0,43.49298954545455,3.664716363636364,4.1,30459.7475132804,True,False,80.86257955194218,0
34217,Prades-le-Lez,76 - Occitanie,6184,17.56,29270.0,14.5589696061782,0.0,2,0,43.70822690909091,3.864928181818182,0.0,29343.781579852726,False,False,112.3289081704367,1
34259,Saint-Georges-d'Orques,76 - Occitanie,5676,22.82,27280.0,13.9669278225011,0.0,0,0,43.61706861538462,3.774012,1.9,30189.203690274637,True,False,112.17107508060704,0
34298,Sauvian,76 - Occitanie,5608,28.04,24810.0,13.5254769151172,0.0,0,0,43.29157711538461,3.2556184615384614,3.7,31120.023551026257,True,False,80.8990120718335,0
34337,Villeneuve-lès-Maguelone,76 - Occitanie,10872,18.05,27100.0,14.6214231819972,0.0,2,0,43.51788663157895,3.848822631578947,0.0,29519.514646849144,False,False,91.0873785676267,1
35066,Chartres-de-Bretagne,53 - Bretagne,8880,20.39,26880.0,12.3995299969759,0.0,0,0,48.04422209677418,-1.7059574193548386,3.5,30456.969889046024,True,False,135.63212104690405,0
35120,Gévezé,53 - Bretagne,6061,12.26,28330.0,13.0725026202825,0.0,1,0,48.20992088495575,-1.7998146902654866,0.0,29341.761768958582,False,False,111.93438219730862,1
35139,Laillé,53 - Bretagne,5225,16.4,29880.0,11.022901938371,0.0,0,0,47.97013128712872,-1.7147304950495048,5.9,31399.674785067586,True,False,112.1345503546813,0
35177,La Mézière,53 - Bretagne,5033,11.65,30800.0,11.593484712709,0.0,1,0,48.21032826086957,-1.7530829347826085,0.0,29394.556037265924,False,False,114.31593107953302,1
35206,Noyal-Châtillon-sur-Seiche,53 - Bretagne,8359,18.54,27750.0,12.2788339838206,0.0,2,1,48.05175663793104,-1.6597926724137932,0.0,29576.5144935191,False,False,138.32574134240633,1
35208,Orgères,53 - Bretagne,5732,14.64,26730.0,11.6214058962993,0.0,0,0,47.98451725,-1.663140375,7.5,31397.92389108473,True,False,112.66049871700632,0
35281,Saint-Jacques-de-la-Lande,53 - Bretagne,13800,11.85,24410.0,12.8186493733351,0.0,5,0,48.07541238095238,-1.7252247619047616,0.0,27554.558653015494,False,False,145.18510307734056,1
35353,Vezin-le-Coquet,53 - Bretagne,6471,17.12,27590.0,12.5479702495855,0.0,0,0,48.11690530612244,-1.7513642857142857,3.3,30156.81547442536,True,False,133.16929755382418,0
36063,Déols,24 - Centre-Val de Loire,7600,24.93,24970.0,9.23976208966163,0.0,1,0,46.83806604395604,1.6954509890109888,0.0,30190.108696371804,False,False,50.00211433233674,1
36159,Le Poinçonnet,24 - Centre-Val de Loire,5855,29.66,28490.0,8.39999732403868,0.0,0,0,46.76405319444445,1.7312431944444444,5.4,32167.24962251202,True,True,67.8551283229732,0
37104,Esvres,24 - Centre-Val de Loire,6294,18.84,28400.0,12.064137189081,0.0,1,0,47.29092229166667,0.7889504166666667,0.0,30011.68272894418,False,False,97.17967067390629,1
37139,Luynes,24 - Centre-Val de Loire,5062,24.58,28830.0,11.1724539368749,0.0,0,0,47.41149783018869,0.5422617924528302,4.5,31497.803420112978,True,False,74.30281586828282,0
37159,Monts,24 - Centre-Val de Loire,8080,19.71,27990.0,11.8488458031542,0.0,1,0,47.27790783132531,0.6437338554216867,0.0,30358.822194975062,False,False,81.99093223091538,1
37195,La Riche,24 - Centre-Val de Loire,10487,17.9,24000.0,13.1541917760718,0.0,2,0,47.37869238095237,0.636212380952381,0.0,29451.124854054106,False,False,100.62655627811132,1
37266,Veigné,24 - Centre-Val de Loire,6865,22.18,29310.0,12.296760513682,0.0,0,0,47.28915307692307,0.7269239316239317,1.7,30285.104977244417,True,False,96.41570183232923,0
37273,La Ville-aux-Dames,24 - Centre-Val de Loire,5606,23.19,26550.0,12.5280802710088,0.0,0,0,47.38993725,0.7735075,2.4,30232.33045532511,True,False,100.71066821171026,0
38001,Les Abrets en Dauphiné,84 - Auvergne-Rhône-Alpes,6850,21.92,25730.0,11.4232299087888,0.0,2,0,45.529905869565226,5.592087391304347,0.0,29123.94066820024,False,False,73.27846105821665,1
38022,Les Avenières Veyrins-Thuellin,84 - Auvergne-Rhône-Alpes,7698,20.8,26040.0,11.2536843100465,0.0,1,0,45.63945879518072,5.555246144578313,0.0,30054.828141527018,False,False,76.24428828629777,1
38087,Chasse-sur-Rhône,84 - Auvergne-Rhône-Alpes,6588,15.68,25810.0,12.9478144510129,0.0,2,0,45.5784135,4.81974,0.0,28555.45330429118,False,False,88.24772180126111,1
38097,Chavanoz,84 - Auvergne-Rhône-Alpes,5126,14.2,26670.0,14.0022523115481,0.0,0,0,45.76777073170732,5.172291707317074,1.9,29228.89991607327,True,False,89.63736355110217,0
38133,Coublevie,84 - Auvergne-Rhône-Alpes,5520,22.1,33460.0,13.6377017204339,0.0,0,0,45.3568125,5.615735416666666,3.3,31641.295198662585,True,False,73.3356132619811,0
38158,Eybens,84 - Auvergne-Rhône-Alpes,10493,19.95,27560.0,14.5506906546119,0.0,0,0,45.1527221875,5.747955,1.5,29846.194008646467,True,False,101.95441220209752,0
38179,Gières,84 - Auvergne-Rhône-Alpes,7376,14.76,28950.0,13.7675679379238,0.0,0,0,45.185783548387086,5.793245161290322,2.6,29927.941551178003,True,False,99.75719666352738,0
38249,Montbonnot-Saint-Martin,84 - Auvergne-Rhône-Alpes,5698,21.75,37130.0,15.8377895148557,0.0,1,0,45.22188555555556,5.812770833333333,0.0,31783.929814199942,False,False,103.16125874665212,1
38317,Le Pont-de-Claix,84 - Auvergne-Rhône-Alpes,10956,17.85,22530.0,12.7804885943204,0.0,1,0,45.12317793103448,5.702792413793103,0.0,31266.27488857827,False,False,97.70762414765576,1
38318,Pont-Évêque,84 - Auvergne-Rhône-Alpes,6213,17.76,22130.0,12.1120483686442,0.0,1,0,45.53357038461537,4.926745769230769,0.0,30489.699445649272,False,False,81.24152214900808,1
38422,Saint-Martin-d'Uriage,84 - Auvergne-Rhône-Alpes,5587,19.76,37170.0,14.0069249281717,0.0,0,0,45.15238822222223,5.854425333333334,6.8,33417.485784054275,True,True,78.80070422082993,0
38423,Saint-Martin-le-Vinoux,84 - Auvergne-Rhône-Alpes,6078,16.89,25940.0,13.3501238804021,0.0,0,0,45.21749744186047,5.712490000000001,2.7,29672.294004925403,True,False,101.54338972029312,0
38425,Saint-Maurice-l'Exil,84 - Auvergne-Rhône-Alpes,6889,17.06,24320.0,10.5347784534723,0.0,0,0,45.389922162162165,4.774663243243244,2.2,29463.378739207557,True,False,53.77853509392487,0
38516,La Tronche,84 - Auvergne-Rhône-Alpes,6424,19.05,33840.0,14.6962334070131,0.0,3,2,45.210539591836735,5.745014693877551,0.0,30386.344247397028,False,False,101.44647916032574,1
38517,Tullins,84 - Auvergne-Rhône-Alpes,7624,22.67,26210.0,10.3655889242737,0.0,1,0,45.29594673076922,5.488552211538462,0.0,30208.417609696568,False,False,62.93193401125009,1
38524,Varces-Allières-et-Risset,84 - Auvergne-Rhône-Alpes,8542,14.75,30260.0,13.6498525442187,0.0,1,0,45.08873226190476,5.666849761904762,0.0,30402.630959206617,False,False,82.47687203529773,1
38547,Villard-Bonnot,84 - Auvergne-Rhône-Alpes,7509,17.58,27590.0,12.1916521801846,0.0,1,0,45.24046111111112,5.882884,0.0,29991.52157597424,False,False,85.70673988445219,1
38553,Villefontaine,84 - Auvergne-Rhône-Alpes,19445,10.58,22540.0,11.9675974309625,0.0,2,0,45.61277242424243,5.159111363636363,0.0,30096.144242235456,False,False,89.38260279717785,1
38557,Villette-d'Anthon,84 - Auvergne-Rhône-Alpes,5268,20.45,33200.0,14.9761769360059,0.0,1,0,45.78768071428571,5.109911285714286,0.0,30899.927132432444,False,False,100.48383243416744,1
39368,Hauts de Bienne,27 - Bourgogne-Franche-Comté,5032,16.48,28130.0,11.7236025626067,0.0,1,0,46.51338412371133,5.992266804123712,0.0,29471.459449144408,False,False,91.41347494175258,1
40197,Morcenx-la-Nouvelle,75 - Nouvelle-Aquitaine,5022,33.43,23650.0,9.06286656801264,0.0,1,0,44.027997540983606,-0.8908460655737706,0.0,31074.54924764844,False,False,15.294183871975982,1
40282,Saint-Sever,75 - Nouvelle-Aquitaine,5043,27.89,25640.0,9.89905657978328,0.0,2,0,43.76536480769231,-0.5562305769230768,0.0,29449.395333743905,False,False,60.990939100321576,1
41059,Le Controis-en-Sologne,24 - Centre-Val de Loire,6860,25.53,24980.0,9.34753480356318,0.0,2,0,47.41468832,1.4098112799999998,0.0,29270.56490065138,False,False,88.9853009841305,1
42183,La Ricamarie,84 - Auvergne-Rhône-Alpes,8039,18.72,18380.0,8.60682635985919,0.0,0,0,45.40270130434783,4.368974782608695,2.9,32173.092361343894,True,True,73.76421487244617,0
42184,Riorges,84 - Auvergne-Rhône-Alpes,11139,27.78,25200.0,9.16962013525723,0.0,1,0,46.04326627118643,4.038591525423729,0.0,31153.634402153923,False,False,78.43407213803854,1
42237,Saint-Jean-Bonnefonds,84 - Auvergne-Rhône-Alpes,6563,21.46,27080.0,10.3614112416048,0.0,0,0,45.457050377358485,4.447700377358491,3.0,30272.65546789329,True,False,82.67274212436489,0
42256,Saint-Marcellin-en-Forez,84 - Auvergne-Rhône-Alpes,5116,19.25,26810.0,10.3384696678624,0.0,0,0,45.48649277227724,4.165500693069308,6.1,31239.05570934992,True,False,82.04088641300146,0
42302,Sorbiers,84 - Auvergne-Rhône-Alpes,8116,22.63,28620.0,11.4191115408586,0.0,0,0,45.49755066666668,4.438935333333333,2.5,30500.472900020803,True,False,73.65864599919631,0
42316,Unieux,84 - Auvergne-Rhône-Alpes,8514,20.99,24960.0,9.78829949012018,0.0,0,0,45.40481317460318,4.264622857142857,3.6,30131.34868128071,True,False,84.89806806020336,0
42330,Villars,84 - Auvergne-Rhône-Alpes,7664,24.58,26970.0,9.3732517998893,0.0,0,0,45.46854513513513,4.35097945945946,1.9,30080.43393734383,True,False,87.25665721220246,0
42332,Villerest,84 - Auvergne-Rhône-Alpes,5172,28.09,27910.0,8.67086857616659,0.0,0,0,45.99607816666666,4.0274075,5.3,31888.609569201537,True,True,67.92886048640985,0
43012,Aurec-sur-Loire,84 - Auvergne-Rhône-Alpes,6164,22.54,26190.0,9.49266383884131,0.0,1,0,45.36889723809524,4.205244380952381,0.0,29870.686921231543,False,False,78.66367292339076,1
44005,Chaumes-en-Retz,52 - Pays de la Loire,7440,17.62,25870.0,10.8212459239128,0.0,1,0,47.153731358024686,-1.9292243209876545,0.0,29635.36770745259,False,False,50.15442752785949,1
44021,Villeneuve-en-Retz,52 - Pays de la Loire,5120,24.12,25470.0,11.4166753368331,0.0,0,0,47.03401297872341,-1.904091489361702,7.5,32130.98885704287,True,True,52.35099686772853,0
44029,Divatte-sur-Loire,52 - Pays de la Loire,7252,17.42,27150.0,12.1932064236734,0.0,0,0,47.281884361702126,-1.325080106382979,5.2,30862.32024323176,True,False,79.36438737804353,0
44041,La Chevrolière,52 - Pays de la Loire,6539,16.16,27850.0,12.1993508098025,0.0,0,0,47.08878987654321,-1.5997218518518517,4.6,30603.805724992348,True,False,69.10316737664319,0
44052,Donges,52 - Pays de la Loire,8219,16.67,25630.0,10.9796523215049,0.0,0,0,47.34533294117647,-2.0849423529411766,5.4,30565.98563680516,True,False,76.64545857802315,0
44064,Gorges,52 - Pays de la Loire,5203,14.7,27630.0,11.8963528218545,0.0,0,0,47.102853783783786,-1.3113195945945946,3.1,29798.741327538475,True,False,57.31744385997898,0
44066,Grandchamps-des-Fontaines,52 - Pays de la Loire,7062,10.22,29730.0,12.1127334575506,0.0,0,0,47.3692250877193,-1.6081135087719298,6.5,31067.141419532687,True,False,71.49517984108881,0
44071,Haute-Goulaine,52 - Pays de la Loire,6095,20.61,30880.0,12.8893783150881,0.0,0,0,47.194411632653065,-1.4133336734693878,4.1,31365.142670929345,True,False,83.28480709094347,0
44087,Machecoul-Saint-Même,52 - Pays de la Loire,7689,25.19,25310.0,12.4079120067989,0.0,1,0,47.00188009049774,-1.8164315837104072,0.0,30440.6786510938,False,False,46.4409740544354,1
44098,Missillac,52 - Pays de la Loire,5709,19.9,26010.0,11.7730622853297,0.0,0,0,47.48943865771812,-2.17649288590604,8.5,32217.456183643764,True,True,88.96391136935819,0
44128,Plessé,52 - Pays de la Loire,5335,18.91,24720.0,10.7693039138098,0.0,1,0,47.55683166666667,-1.89807125,0.0,29338.014121892364,False,False,75.70465551233559,1
44151,Saint-André-des-Eaux,52 - Pays de la Loire,7013,19.96,29840.0,13.6839711007988,0.0,0,0,47.325029444444446,-2.307926222222222,5.3,31662.852746013697,True,False,100.72709865079922,0
44166,Saint-Jean-de-Boiseau,52 - Pays de la Loire,6067,17.52,27230.0,11.6530740455483,0.0,0,0,47.19275775,-1.7195852500000002,2.6,29809.086286467013,True,False,76.67627650857744,0
44169,Saint-Julien-de-Concelles,52 - Pays de la Loire,7883,18.2,28760.0,12.5692785608175,0.0,0,0,47.249680000000005,-1.393882575757576,4.1,30780.23613787192,True,False,79.35396514655883,0
44175,Saint-Lyphard,52 - Pays de la Loire,5304,19.71,27420.0,11.7730622853297,0.0,0,0,47.37445957264958,-2.340199658119658,6.5,31620.30602951586,True,False,86.75759956966708,0
44180,Vallons-de-l'Erdre,52 - Pays de la Loire,6692,20.12,23960.0,9.59772984630415,0.0,0,0,47.54538812030076,-1.1316547368421055,7.3,31900.90669786097,True,True,59.13035387372109,0
44182,Saint-Michel-Chef-Chef,52 - Pays de la Loire,5714,32.79,27960.0,12.7535652890846,0.0,0,0,47.17176055555555,-2.1270356944444444,7.0,33269.29688131424,True,True,76.05837938476417,0
44198,Les Sorinières,52 - Pays de la Loire,9275,18.29,28200.0,13.5533820639816,0.0,2,0,47.14028807017544,-1.5203275438596489,0.0,29504.22266586695,False,False,79.17157759265122,1
44213,Loireauxence,52 - Pays de la Loire,7587,19.11,24540.0,9.18994847013392,0.0,0,0,47.431043886010364,-1.0237331088082902,12.9,33792.684249446305,True,True,37.1332835888863,0
44217,Vigneux-de-Bretagne,52 - Pays de la Loire,6692,15.72,31380.0,13.1497533315167,0.0,0,0,47.31742328767124,-1.7154146575342466,5.8,31653.13227600505,True,False,77.28943012751702,0
45068,Châlette-sur-Loing,24 - Centre-Val de Loire,12677,20.33,19020.0,10.8954103816724,0.0,0,0,48.0143356,2.7346002,1.5,31669.853635844545,True,False,53.422639620375705,0
45169,Ingré,24 - Centre-Val de Loire,10062,16.8,27880.0,12.0360642954496,0.0,0,0,47.91691633802816,1.82175676056338,2.8,29964.323713590216,True,False,73.22211115502611,0
45191,Le Malesherbois,24 - Centre-Val de Loire,8016,19.02,24200.0,11.2629665251114,0.0,0,0,48.28056162436548,2.3464431979695437,13.0,34072.80093561937,True,True,43.48551660869629,0
45274,Saint-Denis-en-Val,24 - Centre-Val de Loire,7766,23.24,30240.0,12.1934094156514,0.0,0,0,47.884322777777776,1.965253055555556,3.6,31298.67999575815,True,False,80.49645078172915,0
45284,Saint-Jean-de-Braye,24 - Centre-Val de Loire,23147,16.5,24550.0,12.3553142205326,0.0,1,1,47.91779517241379,1.9710903448275856,0.0,32854.63085265747,False,False,80.15740096463254,1
45286,Saint-Jean-le-Blanc,24 - Centre-Val de Loire,9562,24.94,28640.0,12.3530628331254,0.0,0,0,47.88300478260869,1.9350486956521735,1.4,30353.30981251744,True,False,80.85738156796695,0
45338,Villemandeur,24 - Centre-Val de Loire,7078,27.35,24880.0,11.3732848847137,0.0,0,1,47.98305333333333,2.7070180392156877,3.0,30913.7971456095,True,False,49.90878896865769,0
47032,Bon-Encontre,75 - Nouvelle-Aquitaine,6530,24.58,26200.0,10.4861525007511,0.0,0,0,44.21292768292683,0.695740243902439,5.1,31291.23966275475,True,False,81.51820627976834,0
47100,Foulayronnes,75 - Nouvelle-Aquitaine,5476,24.4,28100.0,10.4555589714668,0.0,1,0,44.25129730769231,0.6372573076923077,0.0,30283.67271571048,False,False,86.87855048147024,1
47201,Le Passage,75 - Nouvelle-Aquitaine,9326,25.02,24880.0,10.8762931873913,0.0,5,0,44.18867180327869,0.5908490163934426,0.0,28414.51449905084,False,False,81.51820627976834,1
47252,Sainte-Livrade-sur-Lot,75 - Nouvelle-Aquitaine,6541,27.83,20570.0,8.8950874573102,0.0,0,0,44.40424638297873,0.6000797872340424,5.6,33300.50647562563,True,True,52.42185749590869,0
49018,Baugé-en-Anjou,52 - Pays de la Loire,11712,24.3,24110.0,9.3217929314281,0.0,2,0,47.56490322147651,-0.1079000335570469,0.0,29967.143890562293,False,False,55.98442908314144,1
49020,Beaucouzé,52 - Pays de la Loire,5732,19.73,28980.0,12.7753522638812,0.0,2,0,47.47697813953487,-0.6377193023255813,0.0,29377.13658020624,False,False,93.63234862727806,1
49021,Beaufort-en-Anjou,52 - Pays de la Loire,6901,22.76,25190.0,9.67690553429888,0.0,2,0,47.4452947826087,-0.2071408695652173,0.0,29034.406716888712,False,False,77.04216439542263,1
49023,Beaupréau-en-Mauges,52 - Pays de la Loire,23989,20.16,25400.0,9.70749488622741,0.0,4,0,47.19897176600441,-0.971664370860927,0.0,28953.60775560429,False,False,79.0722099454229,1
49035,Bouchemaine,52 - Pays de la Loire,6580,28.51,32260.0,12.960362434759,0.0,0,0,47.43288794520548,-0.6282897260273974,5.0,32741.226095681603,True,True,93.21988115272468,0
49050,Brissac Loire Aubance,52 - Pays de la Loire,10878,17.78,27020.0,11.770872398884,0.0,1,0,47.34838943573668,-0.4092628213166144,0.0,30529.917205385296,False,False,92.87295967637256,1
49125,Doué-en-Anjou,52 - Pays de la Loire,11029,23.38,24540.0,9.03502630708398,0.0,3,0,47.20029853046595,-0.3105420071684588,0.0,29069.636200121244,False,False,67.67003980607879,1
49176,Le Lion-d'Angers,52 - Pays de la Loire,5390,18.6,25990.0,8.8706258480625,0.0,2,0,47.6308144785276,-0.761290981595092,0.0,28540.62011867482,False,False,69.01332129797761,1
49194,Mazé-Milon,52 - Pays de la Loire,5761,19.53,26840.0,10.802833482658,0.0,0,0,47.473807142857154,-0.2707594444444444,5.7,31140.559447979984,True,False,80.99273015493252,0
49200,Longuenée-en-Anjou,52 - Pays de la Loire,6571,17.08,27970.0,10.8582902120735,0.0,1,0,47.54344005681818,-0.6682913068181818,0.0,29752.81438008314,False,False,79.95745608266584,1
49214,Montreuil-Juigné,52 - Pays de la Loire,7808,22.49,27720.0,12.3360528713532,0.0,1,0,47.53807225352112,-0.6155640845070421,0.0,30570.91055967898,False,False,93.27355522831424,1
49218,Montrevault-sur-Èvre,52 - Pays de la Loire,15726,20.17,24680.0,8.50966198335094,0.0,0,0,47.2543017961165,-1.026075582524272,7.4,31653.885509380205,True,False,64.23055529465515,0
49228,Noyant-Villages,52 - Pays de la Loire,5448,29.22,22210.0,8.59596616748528,0.0,0,0,47.51860821052632,0.1061441842105263,13.9,36085.27323970478,True,True,44.51531204427021,0
49244,Mauges-sur-Loire,52 - Pays de la Loire,18695,21.97,25020.0,9.13670768727176,0.0,2,0,47.33186037735849,-0.9344674842767297,0.0,30047.859664635784,False,False,52.48674841650775,1
49246,Les Ponts-de-Cé,52 - Pays de la Loire,13149,24.59,26690.0,13.0398130571079,0.0,0,0,47.4259232183908,-0.5117750574712643,4.0,31106.07002638533,True,False,96.04732864879064,0
49248,Ombrée d'Anjou,52 - Pays de la Loire,8813,25.48,23850.0,10.9553462799925,0.0,0,0,47.72413737430167,-1.1111849162011174,18.6,37085.999294628695,True,True,60.41534539030032,0
49261,Gennes-Val-de-Loire,52 - Pays de la Loire,8429,25.49,25150.0,9.40551120679642,0.0,1,0,47.33057316455695,-0.24152,0.0,30422.45864610245,False,False,78.40936540981016,1
49301,Sèvremoine,52 - Pays de la Loire,25797,17.97,26070.0,10.7584183462106,0.0,0,0,47.09373540897097,-1.0917958311345646,13.7,34176.48541557731,True,True,69.91142159967345,0
49307,Loire-Authion,52 - Pays de la Loire,16765,19.78,27910.0,10.8225665398982,0.0,0,0,47.470478796680496,-0.3691536514522821,8.3,32440.889351792008,True,True,73.8661322152699,0
49323,Verrières-en-Anjou,52 - Pays de la Loire,8116,19.27,27010.0,11.938293624543,0.0,2,0,47.51574512195122,-0.4738582926829268,0.0,29212.73841348112,False,False,92.51230072954006,1
49331,Segré-en-Anjou Bleu,52 - Pays de la Loire,17667,22.24,24390.0,9.3589951121088,0.0,5,0,47.70625336870026,-0.8637982228116711,0.0,28618.838696784667,False,False,58.261141550034495,1
49345,Bellevigne-en-Layon,52 - Pays de la Loire,5922,19.9,25780.0,9.07942896059933,0.0,0,0,47.2690643678161,-0.5346160344827586,12.9,33797.25343444914,True,True,60.60351014142748,0
49367,Erdre-en-Anjou,52 - Pays de la Loire,5771,13.37,25210.0,8.81924482995706,0.0,0,0,47.590389411764704,-0.8093816386554622,5.8,30198.74207951756,True,False,73.66956073390998,0
49373,Lys-Haut-Layon,52 - Pays de la Loire,7748,24.4,23890.0,8.22508956093526,0.0,2,0,47.13827606936416,-0.4753217919075144,0.0,29617.445907346817,False,False,39.18168338174042,1
50041,La Hague,28 - Normandie,11484,18.38,28290.0,10.7240673770789,0.0,0,0,49.660618407407405,-1.8104401111111112,12.6,34045.24324686586,True,True,44.12700693933321,0
50082,Bricquebec-en-Cotentin,28 - Normandie,5893,24.64,25140.0,9.65962862575024,0.0,1,0,49.463887743589744,-1.6618001025641025,0.0,29873.06763392028,False,False,55.17472309240304,1
50099,Carentan-les-Marais,28 - Normandie,10218,27.91,23980.0,9.58784260662533,0.0,6,0,49.3204715,-1.23311705,0.0,28756.68953878777,False,False,49.35372006623275,1
50487,Saint-James,28 - Normandie,5018,28.85,23940.0,8.30990438920164,0.0,1,0,48.51708359999999,-1.3703924888888888,0.0,30457.83699964708,False,False,105.85688816490315,1
51030,Aÿ-Champagne,44 - Grand Est,5103,28.8,27400.0,9.77760749496005,0.0,0,0,49.05220403361344,4.0398507563025206,7.4,32777.63363160099,True,True,74.94305865788752,0
51055,Bétheny,44 - Grand Est,6975,26.07,27710.0,13.8758638058857,0.0,0,0,49.29553416666668,4.060204,5.0,31825.251745956783,True,True,70.98593630303125,0
51649,Vitry-le-François,44 - Grand Est,10996,25.31,19670.0,8.61093002165788,0.0,4,0,48.73175441860465,4.591202325581396,0.0,30789.661953588275,False,False,45.90501331062495,1
53062,Château-Gontier-sur-Mayenne,52 - Pays de la Loire,16584,29.44,25180.0,9.69384014809739,0.0,4,1,47.8296106122449,-0.741579693877551,0.0,29747.474385099587,False,False,78.4031037268131,1
54257,Heillecourt,44 - Grand Est,5414,29.26,30980.0,12.3977427837118,0.0,0,0,48.648390967741925,6.196585806451614,1.9,31335.63423949317,True,False,104.92479121020352,0
54280,Jœuf,44 - Grand Est,6392,26.72,20910.0,9.32994238938831,0.0,0,0,49.2327097368421,6.0117978947368425,4.5,32636.9014654124,True,True,66.68865907203516,0
54300,Laneuveville-devant-Nancy,44 - Grand Est,6630,16.83,26000.0,11.1337753273191,0.0,0,0,48.64721958904109,6.239174109589041,3.3,29799.850435834083,True,False,105.4322575066576,0
54318,Liverdun,44 - Grand Est,5580,22.79,27740.0,10.3398961901785,0.0,0,0,48.75552009174312,6.049840458715596,5.0,31303.71941902702,True,False,86.49675047652295,0
54323,Longwy,44 - Grand Est,15679,18.43,21120.0,13.0228807750854,0.0,2,0,49.52078042553192,5.767556170212767,0.0,31147.89239558657,False,False,30.95598009348605,1
54339,Malzéville,44 - Grand Est,7820,21.82,26330.0,11.2995110475411,0.0,0,0,48.72230871794872,6.187710000000001,2.2,29927.17327383472,True,False,106.72598645249478,0
54439,Pulnoy,44 - Grand Est,5099,24.52,27530.0,15.0405450518488,0.0,0,0,48.702932,6.267274333333334,2.6,30733.336842512304,True,False,103.86070554616734,0
54498,Seichamps,44 - Grand Est,5165,25.72,27780.0,12.9015370304265,0.0,0,0,48.71582028571429,6.269845714285713,2.9,30898.433469599862,True,False,100.3265976589274,0
54547,Vandœuvre-lès-Nancy,44 - Grand Est,29942,17.84,20710.0,11.7983861114972,0.0,6,2,48.65550232142856,6.159681428571429,0.0,30453.25469419161,False,False,106.36010172800646,1
56008,Baden,53 - Bretagne,5086,33.73,31260.0,12.4672507417756,0.0,0,0,47.60461899280576,-2.9111320143884893,3.9,32628.985161236666,True,True,97.5212095075472,0
56023,Brech,53 - Bretagne,7052,21.52,27820.0,11.9519068562919,0.0,0,0,47.71091859504132,-3.0248346280991734,5.7,31564.71651225763,True,False,104.55235356493873,0
56036,Caudan,53 - Bretagne,7206,26.22,27520.0,12.927122259665,0.0,0,0,47.812498080000005,-3.3358918399999995,4.7,31640.359342002903,True,False,87.05549908840565,0
56053,Elven,53 - Bretagne,6651,17.42,26170.0,11.177309357699,0.0,1,0,47.73237333333333,-2.594496326530612,0.0,29533.263893973737,False,False,97.2389598117258,1
56067,Grand-Champ,53 - Bretagne,5929,20.72,27070.0,11.9414885882286,0.0,1,0,47.758040533333336,-2.8542113333333337,0.0,29914.45465008484,False,False,98.00020240051282,1
56090,Inzinzac-Lochrist,53 - Bretagne,6691,21.3,26040.0,12.667728153189,0.0,0,0,47.85999077519379,-3.254023333333333,6.1,31456.066500445428,True,False,78.96742165847286,0
56094,Kervignac,53 - Bretagne,7204,17.93,28090.0,12.0304056881099,0.0,1,0,47.76827418367348,-3.251400306122449,0.0,30040.290299944325,False,False,97.6406700615706,1
56158,Plescop,53 - Bretagne,6362,19.48,27710.0,12.8402534231369,0.0,2,0,47.69984524390244,-2.828342073170732,0.0,29217.65989570405,False,False,115.53075497593944,1
56164,Ploeren,53 - Bretagne,6790,20.84,29350.0,12.2917453451032,0.0,1,0,47.65864388888889,-2.8456791666666668,0.0,30470.346100580333,False,False,112.96016322909236,1
56176,Pluneret,53 - Bretagne,6262,21.1,27220.0,12.4622595797234,0.0,3,0,47.67972434426229,-2.9485068032786885,0.0,28856.52406235657,False,False,106.8437831881622,1
56193,Riantec,53 - Bretagne,5865,29.58,26110.0,12.6803731152083,0.0,0,0,47.71503024390244,-3.3006171951219514,2.8,30971.06422561857,True,False,93.68646563738454,0
56248,Surzur,53 - Bretagne,5211,23.1,28000.0,12.3163702573699,0.0,1,0,47.56364940366973,-2.6257344495412847,0.0,30186.68537255985,False,False,93.16731400034892,1
57012,Algrange,44 - Grand Est,5802,21.72,23920.0,12.2510380894203,0.0,0,0,49.36452636363637,6.04589,4.0,30894.319323086955,True,False,49.99436446971758,0
57038,Audun-le-Tiche,44 - Grand Est,7356,17.38,29290.0,15.4856662039014,0.0,0,0,49.46556564705882,5.959020705882352,2.4,30256.29366723361,True,False,39.23155629008679,0
57058,Behren-lès-Forbach,44 - Grand Est,6166,22.12,17470.0,8.95506921910945,0.0,0,0,49.16654351351351,6.947886486486486,4.1,33362.56372481574,True,True,55.60432105223208,0
57097,Boulay-Moselle,44 - Grand Est,5434,21.43,24880.0,11.3273354117443,0.0,3,0,49.17494277777779,6.495604444444444,0.0,28461.52619570177,False,False,63.084036468665786,1
57207,Farébersviller,44 - Grand Est,5224,19.42,18300.0,8.79870552977951,0.0,1,0,49.11844162162161,6.862364054054054,0.0,31813.99862261735,False,False,62.97671425484411,1
57221,Florange,44 - Grand Est,12035,19.38,24030.0,12.7712795719453,0.0,0,0,49.328634418604665,6.1194751162790695,2.2,29960.90407296247,True,False,54.93172023438782,0
57269,Guénange,44 - Grand Est,8083,19.01,24940.0,13.4360120410435,0.0,0,0,49.29675640625,6.206006718749999,4.4,30454.96923007261,True,False,62.240265730108895,0
57323,Hettange-Grande,44 - Grand Est,7772,16.26,36690.0,16.2974975009098,0.0,0,0,49.41859206349208,6.152445396825398,5.2,32487.08468455747,True,True,34.57660975005591,0
57332,Hombourg-Haut,44 - Grand Est,5976,26.33,21870.0,8.33118535574556,0.0,0,0,49.12758714285714,6.775048571428571,3.1,31600.233828608714,True,False,63.37706779795849,0
57336,L'Hôpital,44 - Grand Est,5183,19.96,22870.0,9.11254771171228,0.0,0,0,49.15567522727274,6.730551363636365,3.1,30603.211839516956,True,False,68.13346847742152,0
57443,Marange-Silvange,44 - Grand Est,6539,17.22,27000.0,13.1867558946148,0.0,0,0,49.21818076923076,6.113086666666667,2.7,29867.74898335528,True,False,67.39077639770852,0
57474,Mondelange,44 - Grand Est,5699,19.72,24940.0,14.4377469581162,0.0,1,0,49.26420064516129,6.172702580645163,0.0,29598.887237107057,False,False,68.27131024927584,1
57487,Moulins-lès-Metz,44 - Grand Est,5265,24.54,27680.0,13.3052069666418,0.0,0,0,49.09256738095237,6.111245000000001,3.2,30906.825223011016,True,False,70.14406746018707,0
57491,Moyeuvre-Grande,44 - Grand Est,7311,21.2,22540.0,10.0925186946354,0.0,0,0,49.251674729729736,6.033239324324324,4.2,31363.46788674396,True,False,68.10626304916995,0
57537,Petite-Rosselle,44 - Grand Est,6171,20.13,22620.0,8.60352562052323,0.0,0,0,49.20714,6.857908437500001,3.3,30777.94881979225,True,False,60.54753681392994,0
57591,Rombas,44 - Grand Est,9371,20.99,22920.0,11.238700631946,0.0,0,0,49.2436849122807,6.09165403508772,0.9,29945.09542016933,True,False,67.2194928440533,0
57683,Uckange,44 - Grand Est,7021,18.2,21300.0,13.4117318981025,0.0,0,0,49.30532733333334,6.149434888888888,4.7,31933.100629457196,True,True,63.054591622200654,0
57751,Woippy,44 - Grand Est,14967,15.65,19490.0,12.9373234767738,0.0,0,0,49.16214721311475,6.159143278688526,4.5,32338.22801302364,True,True,74.03698321172631,0
58303,Varennes-Vauzelles,27 - Bourgogne-Franche-Comté,9146,33.7,25060.0,9.73409234699625,0.0,0,0,47.03813544554456,3.139440594059406,5.8,32276.75998525803,True,True,70.23624910999648,0
59008,Aniche,32 - Hauts-de-France,9963,14.86,20060.0,9.40118648850909,0.0,1,0,50.33171326086957,3.258864347826086,0.0,31578.80995847039,False,False,78.2175630697259,1
59011,Annœullin,32 - Hauts-de-France,10847,16.47,26210.0,11.8374847976392,0.0,3,0,50.523373125,2.9284097916666667,0.0,28514.93358471757,False,False,100.73400128663415,1
59028,Auby,32 - Hauts-de-France,7083,18.01,20870.0,10.2626612906137,0.0,0,0,50.41368178571429,3.0623408928571427,1.6,30675.98919706105,True,False,80.77427011385271,0
59032,Aulnoy-lez-Valenciennes,32 - Hauts-de-France,7080,18.75,21550.0,10.1801639560233,0.0,3,0,50.32471894736842,3.5372831578947364,0.0,29570.985649188715,False,False,77.6165699326142,1
59044,Baisieux,32 - Hauts-de-France,5545,16.08,29280.0,12.9841681600948,0.0,1,0,50.613769814814816,3.237512037037037,0.0,29779.41980209017,False,False,86.17405332200924,1
59052,Bauvin,32 - Hauts-de-France,5249,19.6,24930.0,11.1071053659266,0.0,0,0,50.51650055555555,2.8929805555555554,2.6,29656.174181362472,True,False,97.4594088821582,0
59079,Beuvrages,32 - Hauts-de-France,6796,16.87,19030.0,10.7843388983851,0.0,0,0,50.3884873076923,3.503421153846154,1.4,31239.635374312857,True,False,65.73993730370485,0
59112,Bruay-sur-l'Escaut,32 - Hauts-de-France,11644,16.16,19440.0,10.2740551232141,0.0,0,0,50.394738085106376,3.5408417021276604,2.4,31406.497551918725,True,False,69.69693191370243,0
59131,Cappelle-la-Grande,32 - Hauts-de-France,7839,17.99,23460.0,10.7823102279946,0.0,0,0,50.994761,2.3703773333333333,2.8,30157.012802328216,True,False,81.20167228654901,0
59143,La Chapelle-d'Armentières,32 - Hauts-de-France,8754,18.82,26610.0,13.2379001380318,0.0,0,0,50.66557188679245,2.8945120754716984,2.9,30061.39160102902,True,False,92.09399743258837,0
59153,Condé-sur-l'Escaut,32 - Hauts-de-France,9253,20.41,18400.0,12.0657761310355,0.0,4,0,50.459933623188405,3.605752608695652,0.0,30885.72319500593,False,False,47.59309540848196,1
59165,Cuincy,32 - Hauts-de-France,6467,22.37,25490.0,10.9337489169259,0.0,0,0,50.374643600000006,3.0360232,3.1,30181.04544128336,True,False,71.16717497583542,0
59179,Douchy-les-Mines,32 - Hauts-de-France,10109,17.96,19780.0,9.13037794000272,0.0,1,0,50.29861649122807,3.3873566666666663,0.0,32015.56385886104,False,False,74.35466454350434,1
59202,Erquinghem-Lys,32 - Hauts-de-France,5341,17.11,25920.0,13.5266926382469,0.0,0,0,50.670969444444445,2.8385119444444444,3.3,29936.31534364438,True,False,88.74852693819797,0
59205,Escaudain,32 - Hauts-de-France,9039,16.75,19690.0,10.1477308253818,0.0,1,0,50.3355953125,3.34240890625,0.0,31783.652879730813,False,False,75.4041101299069,1
59225,Feignies,32 - Hauts-de-France,6703,18.73,21780.0,10.3882020453268,0.0,2,0,50.293484186046506,3.910508139534884,0.0,29892.722991394392,False,False,53.80703253336067,1
59227,Fenain,32 - Hauts-de-France,5441,18.24,22250.0,10.8468079842359,0.0,0,0,50.36186117647059,3.300769607843137,2.1,30372.391680683773,True,False,73.37092347914802,0
59230,Ferrière-la-Grande,32 - Hauts-de-France,5131,19.89,21330.0,10.3704489532469,0.0,0,0,50.246012982456136,3.991449122807017,3.0,31235.59607830835,True,False,51.196632521144856,0
59234,Flers-en-Escrebieux,32 - Hauts-de-France,5424,18.06,21660.0,10.3534586015511,0.0,2,0,50.40153985915494,3.0492854929577464,0.0,29738.511938694646,False,False,76.70269897082561,1
59239,Flines-lez-Raches,32 - Hauts-de-France,5745,18.73,26580.0,10.8826306551364,0.0,0,0,50.42043047619047,3.1777190476190467,5.5,30943.414244821462,True,False,86.84391361861016,0
59253,Fresnes-sur-Escaut,32 - Hauts-de-France,7354,17.34,20160.0,11.9049945522329,0.0,0,0,50.43235360655738,3.578302950819672,3.6,31781.068936639043,True,True,60.379310835451896,0
59268,La Gorgue,32 - Hauts-de-France,5616,19.06,24600.0,10.9539363854018,0.0,1,0,50.630367567567575,2.7354281081081084,0.0,29464.18289639022,False,False,74.39027086664689,1
59279,Halluin,32 - Hauts-de-France,20715,16.32,23950.0,12.4388663497261,0.0,2,0,50.77368090909092,3.1240949090909096,0.0,30265.702971649123,False,False,71.20284936458705,1
59291,Hautmont,32 - Hauts-de-France,14152,17.99,18300.0,10.1539706037429,0.0,0,0,50.245746935483865,3.9188425806451614,2.9,32250.718068762155,True,True,56.14806661805631,0
59299,Hem,32 - Hauts-de-France,18582,19.48,25750.0,14.3012079164787,0.0,3,0,50.65456921875,3.191484375,0.0,29404.313506744307,False,False,87.22330436060987,1
59317,Houplines,32 - Hauts-de-France,7921,16.51,24980.0,11.8753471858646,0.0,0,0,50.68357576271186,2.92224,2.9,29504.1915429216,True,False,93.41438937945118,0
59327,Lallaing,32 - Hauts-de-France,6287,23.27,20880.0,10.7960411167676,0.0,0,0,50.38596454545455,3.169205,2.1,31422.063002961044,True,False,72.1867368585758,0
59359,Loon-Plage,32 - Hauts-de-France,5952,17.66,24560.0,10.9309607641778,0.0,1,0,51.00418057142858,2.208357809523809,0.0,29400.882150773326,False,False,87.09419073156144,1
59365,Louvroil,32 - Hauts-de-France,6294,16.65,16460.0,10.276065994575,0.0,1,0,50.25830307692307,3.9540794871794858,0.0,32547.28581159157,False,False,49.65762113562875,1
59378,Marcq-en-Barœul,32 - Hauts-de-France,40184,20.38,33330.0,15.2854022113512,0.0,6,1,50.675495,3.1034992045454546,0.0,30612.71174503334,False,False,102.52259038487398,1
59410,Mons-en-Barœul,32 - Hauts-de-France,21105,15.52,21770.0,14.0852894429124,0.0,1,0,50.64305222222223,3.107232962962963,0.0,33296.26266809114,False,False,103.2623096313388,1
59452,Ostricourt,32 - Hauts-de-France,6097,16.18,21160.0,10.9175624271058,0.0,0,0,50.45650599999999,3.031265555555556,2.8,30887.212644638017,True,False,92.33704731205326,0
59456,Pecquencourt,32 - Hauts-de-France,6092,17.68,19880.0,11.2127773797198,0.0,1,0,50.37701803921567,3.220227843137254,0.0,31304.537050048693,False,False,68.85461644258707,1
59484,Quiévrechain,32 - Hauts-de-France,5949,17.61,18600.0,12.6480069554033,0.0,2,0,50.39456125,3.66113725,0.0,31086.44228668523,False,False,60.46805494973065,1
59491,Raismes,32 - Hauts-de-France,12199,18.42,20000.0,10.8984782292577,0.0,1,0,50.40409701923076,3.479688653846154,0.0,32460.070645179883,False,False,68.91741292904966,1
59509,Roost-Warendin,32 - Hauts-de-France,5956,21.19,23390.0,10.2626612906137,0.0,2,0,50.41373150943396,3.1010673584905657,0.0,29420.728895867644,False,False,83.40638519325245,1
59524,Sainghin-en-Weppes,32 - Hauts-de-France,5638,18.65,27820.0,12.7791218790338,0.0,0,0,50.55765085106382,2.895109787234042,3.2,30313.96653238931,True,False,96.6654578991409,0
59544,Saint-Saulve,32 - Hauts-de-France,10947,21.94,24410.0,11.9778696020353,0.0,1,6,50.37770499999999,3.560933035714285,0.0,32552.1602124654,False,False,67.10105255715287,1
59553,Santes,32 - Hauts-de-France,5652,20.22,29810.0,13.7185359061422,0.0,0,0,50.59164744680852,2.9573068085106384,2.2,30438.01036646369,True,False,103.22041128599108,0
59586,Templeuve-en-Pévèle,32 - Hauts-de-France,7202,19.03,29670.0,13.5008916406097,0.0,3,0,50.53053378378379,3.172182027027027,0.0,29158.75099784172,False,False,91.75815373608064,1
59588,Téteghem-Coudekerque-Village,32 - Hauts-de-France,8247,22.07,29680.0,12.5857952350522,0.0,0,0,51.00972552941177,2.441920823529412,3.5,31076.538565583724,True,False,75.0795783638959,0
59603,Trith-Saint-Léger,32 - Hauts-de-France,6019,19.4,22480.0,11.2364985688232,0.0,0,0,50.3296530952381,3.491379047619047,2.5,30581.31076764258,True,False,81.22331348860544,0
59616,Vieux-Condé,32 - Hauts-de-France,10617,18.18,20530.0,12.1477523360082,0.0,0,0,50.47107310810811,3.564447027027028,2.5,31310.09240999189,True,False,50.11852572386566,0
59632,Wallers,32 - Hauts-de-France,5633,19.87,22860.0,10.639120566236,0.0,1,0,50.37620980952381,3.3885904761904766,0.0,30223.881104739296,False,False,77.53813700825395,1
59654,Waziers,32 - Hauts-de-France,7266,15.79,18410.0,10.061969665469,0.0,0,0,50.38405965517241,3.1137017241379303,1.2,31261.926576388512,True,False,74.61166462163094,0
59656,Wervicq-Sud,32 - Hauts-de-France,5426,17.26,26770.0,13.4629901233948,0.0,1,0,50.758969534883725,3.0514455813953485,0.0,29503.187778816173,False,False,77.40214684344585,1
60282,Gouvieux,32 - Hauts-de-France,8867,23.72,35830.0,17.4750005115226,0.0,1,0,49.19034980769232,2.4168930769230768,0.0,32458.88624456952,False,False,58.30867665813439,1
60338,Lacroix-Saint-Ouen,32 - Hauts-de-France,5415,20.87,27760.0,13.541349557405,0.0,3,0,49.35890333333334,2.7781925000000007,0.0,28912.709257072947,False,False,100.0718840081038,1
60346,Lamorlaye,32 - Hauts-de-France,9082,24.54,37350.0,17.7676190955916,0.0,1,0,49.15902596491228,2.4232068421052637,0.0,32838.90298985341,False,False,62.45944206458213,1
60414,Montataire,32 - Hauts-de-France,14257,12.75,19240.0,13.8082522961982,0.0,0,0,49.26304189655172,2.430701724137931,2.8,31510.28765912432,True,False,53.551190648889545,0
60684,Villers-Saint-Paul,32 - Hauts-de-France,6480,15.11,21920.0,14.2853023070813,0.0,0,0,49.28884121212121,2.4898406060606058,2.4,30501.52768843006,True,False,60.04389073072277,0
62035,Annezin,32 - Hauts-de-France,5825,20.53,23880.0,10.562225154717,0.0,0,0,50.54103777777778,2.6186416666666665,2.2,29980.521516805653,True,False,65.1449546089078,0
62083,Barlin,32 - Hauts-de-France,7331,18.98,20210.0,10.2567416642349,0.0,2,0,50.45554386363636,2.613428181818182,0.0,30598.421235916787,False,False,54.49500507881641,1
62099,Beaurains,32 - Hauts-de-France,5559,19.78,24440.0,11.6505227486165,0.0,0,0,50.258845625,2.78961,2.9,30019.94515676217,True,False,40.27169726930851,0
62108,Berck,32 - Hauts-de-France,12951,31.94,23340.0,12.0050883605175,0.0,7,1,50.40472354838709,1.5790519354838708,0.0,29661.722200883552,False,False,85.88085737197572,1
62126,Beuvry,32 - Hauts-de-France,9189,20.7,23110.0,10.5544328103453,0.0,0,1,50.534912,2.689830499999999,3.4,31080.50021082977,True,False,71.8420094236113,0
62132,Billy-Berclau,32 - Hauts-de-France,5093,17.44,26090.0,10.9619712701234,0.0,0,0,50.51925131578948,2.865767105263158,3.1,29776.965083998173,True,False,94.67981054870518,0
62194,Calonne-Ricouart,32 - Hauts-de-France,5369,20.1,19540.0,9.6503582698799,0.0,0,0,50.49033033333332,2.487549333333334,2.6,31770.64477004231,True,True,49.12669564159977,0
62244,Coulogne,32 - Hauts-de-France,5438,23.29,25180.0,12.4756496495443,0.0,0,0,50.91509682926829,1.8886224390243904,4.5,30860.68227901592,True,False,82.52897035787568,0
62249,Courcelles-lès-Lens,32 - Hauts-de-France,7830,13.43,21300.0,10.2626612906137,0.0,0,0,50.413264062500005,3.0168540625,2.6,30451.449571187124,True,False,75.14049055807332,0
62250,Courrières,32 - Hauts-de-France,10176,20.91,22980.0,11.2664432867183,0.0,0,0,50.45064431818182,2.9429015909090905,2.7,30639.432981738795,True,False,81.22272429551126,0
62263,Dainville,32 - Hauts-de-France,5683,31.27,27890.0,12.2141247997727,0.0,0,0,50.275998,2.7118935384615384,3.1,31516.97271281539,True,False,51.20644280656305,0
62270,Divion,32 - Hauts-de-France,6766,18.27,19620.0,10.4628867889787,0.0,0,0,50.46950181818181,2.503524772727273,3.0,31767.691451187475,True,True,48.9246220580217,0
62276,Douvrin,32 - Hauts-de-France,5867,15.44,24330.0,11.6188380669357,0.0,0,0,50.510597674418605,2.833336744186046,2.5,29469.752591145083,True,False,84.32765818442124,0
62351,Fouquières-lès-Lens,32 - Hauts-de-France,6087,19.6,20180.0,10.8855139413185,0.0,0,0,50.42743297297296,2.902179189189189,1.4,31056.90690514487,True,False,80.41199060501121,0
62386,Grenay,32 - Hauts-de-France,6644,14.12,19200.0,10.5516717033855,0.0,0,0,50.44980500000001,2.7433414285714286,1.8,31043.673974240926,True,False,75.52598017381754,0
62397,Guînes,32 - Hauts-de-France,5479,18.1,21570.0,10.6258705892513,0.0,0,0,50.85558472222223,1.8732813888888888,8.0,32976.979302834065,True,True,80.89753593229187,0
62400,Haillicourt,32 - Hauts-de-France,5064,17.94,20860.0,10.4338589013283,0.0,0,0,50.475784736842094,2.5810531578947367,2.6,31070.405603590312,True,False,58.23493996294789,0
62413,Harnes,32 - Hauts-de-France,12247,20.07,21070.0,10.9672092600697,0.0,3,0,50.45001409090908,2.903371363636364,0.0,30300.463198938487,False,False,80.76454018700584,1
62443,Hersin-Coupigny,32 - Hauts-de-France,6082,16.74,21910.0,10.0697110716816,0.0,0,0,50.44458846153847,2.6438753846153844,2.5,30479.45704010364,True,False,61.950832747448295,0
62457,Houdain,32 - Hauts-de-France,6945,22.07,21170.0,10.4156807914095,0.0,1,0,50.45345820512821,2.536977435897436,0.0,31352.941399751,False,False,46.65929408736158,1
62497,Leforest,32 - Hauts-de-France,7060,19.08,22680.0,10.9175624271058,0.0,1,0,50.43873653846153,3.058895576923077,0.0,30500.0937937672,False,False,81.94973707063862,1
62502,Lestrem,32 - Hauts-de-France,5009,17.66,27570.0,11.2929783230638,0.0,0,0,50.61237987179487,2.6828317948717952,4.2,30491.618911840567,True,False,72.42683446337995,0
62523,Loison-sous-Lens,32 - Hauts-de-France,5169,19.53,21600.0,11.0456599760422,0.0,0,0,50.44368624999999,2.8632950000000004,2.9,31088.82748454472,True,False,86.23175552810783,0
62528,Loos-en-Gohelle,32 - Hauts-de-France,6799,18.69,23200.0,10.9103274564072,0.0,0,0,50.455463404255326,2.783403617021276,3.3,30531.167941281525,True,False,76.09528689106031,0
62548,Marck,32 - Hauts-de-France,10467,18.54,25410.0,12.7857084334023,0.0,1,0,50.94996686746988,1.9514848192771084,0.0,30328.15027885363,False,False,72.79857053083428,1
62555,Marles-les-Mines,32 - Hauts-de-France,5411,20.81,18770.0,10.2361370743083,0.0,0,0,50.50288818181818,2.5031660606060604,2.6,32179.411250875357,True,True,44.01279144241178,0
62563,Mazingarbe,32 - Hauts-de-France,8217,14.0,20570.0,11.0381029352168,0.0,0,0,50.468037843137246,2.722381568627451,2.6,30842.53004875825,True,False,74.90900491002522,0
62570,Méricourt,32 - Hauts-de-France,11619,20.34,20640.0,10.7245915700425,0.0,1,0,50.39965822580644,2.8702964516129037,0.0,32281.09777374052,False,False,70.07036411250719,1
62587,Montigny-en-Gohelle,32 - Hauts-de-France,9743,20.18,20660.0,10.4585348379185,0.0,1,0,50.42745542857143,2.9303831428571434,0.0,31892.23340095444,False,False,80.08811130853867,1
62617,Nœux-les-Mines,32 - Hauts-de-France,11590,24.31,20690.0,11.1194760320739,0.0,2,0,50.4763616,2.6622288,0.0,31412.16370542072,False,False,67.33594331230763,1
62624,Noyelles-Godault,32 - Hauts-de-France,5994,18.09,21450.0,10.8456371218445,0.0,0,0,50.41922935483871,2.9949187096774192,2.2,30718.49094378389,True,False,75.3541353160368,0
62628,Noyelles-sous-Lens,32 - Hauts-de-France,6854,20.08,19360.0,10.6482679198423,0.0,0,0,50.4301809375,2.87906875,2.5,31862.504956332068,True,True,80.00755933656022,0
62637,Oignies,32 - Hauts-de-France,10323,19.07,21020.0,11.2491127225471,0.0,0,0,50.46612775,2.9934605,1.9,30914.30988124659,True,False,90.0702694471832,0
62643,Outreau,32 - Hauts-de-France,13138,21.3,21970.0,10.8968792347762,0.0,0,0,50.697605757575765,1.5927842424242424,2.1,30837.216211953903,True,False,110.7655726500732,0
62645,Oye-Plage,32 - Hauts-de-France,5780,18.53,25870.0,10.9309607641778,0.0,0,0,50.98164472222223,2.0452970833333333,7.4,31573.317501064008,True,False,65.67958488748832,0
62737,Sains-en-Gohelle,32 - Hauts-de-France,5948,18.55,22010.0,10.1942300506511,0.0,0,0,50.4495594871795,2.683994358974359,2.6,30666.630674862696,True,False,66.25360604186534,0
62746,Saint-Étienne-au-Mont,32 - Hauts-de-France,5029,18.29,23380.0,9.82252925121762,0.0,0,0,50.66718038461538,1.6056244230769232,5.5,31230.81253315825,True,False,125.04623321533592,0
62757,Saint-Martin-lez-Tatinghem,32 - Hauts-de-France,5843,23.08,24900.0,11.081986580016,0.0,0,0,50.748450600000005,2.2175652,2.5,29978.20737778365,True,False,49.37480795800651,0
62771,Sallaumines,32 - Hauts-de-France,9414,17.59,18180.0,10.7783827432669,0.0,0,0,50.41929676470589,2.861975588235293,2.3,32024.381861102145,True,True,79.01885785082396,0
62895,Wingles,32 - Hauts-de-France,8720,16.6,21290.0,11.323579225219,0.0,2,0,50.492834,2.85392,0.0,30122.983919371167,False,False,83.86096981219582,1
63103,Châtel-Guyon,84 - Auvergne-Rhône-Alpes,6299,25.38,29240.0,10.6835910984294,0.0,0,0,45.91985067567568,3.060101351351351,3.7,31303.91522997438,True,False,61.29213228821492,0
63164,Gerzat,84 - Auvergne-Rhône-Alpes,10335,21.23,25110.0,11.638888455159,0.0,0,0,45.82692071428572,3.1599724999999994,4.4,30587.084306384077,True,False,94.11669918726749,0
63307,Romagnat,84 - Auvergne-Rhône-Alpes,7894,28.98,28800.0,11.9969633903065,0.0,0,0,45.72068741176471,3.083191411764706,2.5,31193.88018075684,True,False,89.13677923242118,0
63457,Vic-le-Comte,84 - Auvergne-Rhône-Alpes,5396,21.81,27940.0,9.8541654762969,0.0,1,0,45.645620740740746,3.238963333333333,0.0,29949.6560183736,False,False,73.4822396651323,1
64125,Bidart,75 - Nouvelle-Aquitaine,7689,21.63,27850.0,16.2205026943625,0.0,2,0,43.439303606557374,-1.5802883606557376,0.0,29773.48011921684,False,False,88.22696109819418,1
64189,Ciboure,75 - Nouvelle-Aquitaine,5951,36.48,27010.0,14.4582420833273,0.0,0,0,43.37709016666667,-1.665759166666667,3.2,32060.2965637593,True,True,64.35318202828525,0
64269,Idron,75 - Nouvelle-Aquitaine,5340,22.18,33960.0,12.0858859430026,0.0,1,0,43.297243571428574,-0.3042292857142857,0.0,31053.668774870035,False,False,107.91975554039053,1
64284,Jurançon,75 - Nouvelle-Aquitaine,7040,27.44,25370.0,11.4444674594797,0.0,0,0,43.27077719999999,-0.4085028,3.8,30979.770577822437,True,False,112.7876031312436,0
64407,Mouguerre,75 - Nouvelle-Aquitaine,5428,19.35,29310.0,11.9567211339986,0.0,0,0,43.46216390804597,-1.4038624137931035,3.3,30615.44294427112,True,False,97.11903130736424,0
64547,Ustaritz,75 - Nouvelle-Aquitaine,7897,20.7,27340.0,12.8499327728529,0.0,2,0,43.40127572815534,-1.471210873786408,0.0,29437.548409694173,False,False,92.15135323577614,1
65047,Aureilhan,76 - Occitanie,8031,28.21,24340.0,9.66765344688043,0.0,0,0,43.25103111111112,0.1042059259259259,3.2,30930.448738039748,True,False,82.61756106033002,0
65100,Bordères-sur-l'Échez,76 - Occitanie,5399,21.43,23630.0,9.52953984242264,0.0,0,0,43.265501923076926,0.045399423076923,3.7,30711.85471650554,True,False,79.21415577191358,0
65417,Séméac,76 - Occitanie,5236,27.33,24590.0,9.13701993623356,0.0,0,0,43.22087043478261,0.1133460869565217,4.2,31098.26641853625,True,False,92.23156028407315,0
66017,Le Barcarès,76 - Occitanie,6109,46.48,23750.0,13.3830809853262,0.0,0,0,42.798014878048775,3.028297804878049,2.1,32740.55475439352,True,True,62.207407037413766,0
66021,Bompas,76 - Occitanie,7832,27.53,24180.0,11.9066082610557,0.0,0,0,42.72937189189189,2.942830810810811,3.0,30965.29396063796,True,False,96.2163169594929,0
66038,Canohès,76 - Occitanie,6616,24.85,26800.0,11.3629381445944,0.0,0,0,42.6518670212766,2.8332263829787228,2.3,30341.30512548136,True,False,96.15643485888666,0
66141,Pia,76 - Occitanie,11615,17.56,22620.0,11.4463672236948,0.0,1,0,42.74745245283019,2.9151443396226413,0.0,31252.70541742557,False,False,94.54663716514553,1
66189,Saleilles,76 - Occitanie,5698,27.62,26040.0,12.8571882271966,0.0,0,0,42.65582277777778,2.949946111111112,2.3,30572.46966402032,True,False,103.56304559499183,0
66195,Le Soler,76 - Occitanie,7942,23.34,23970.0,10.6255362207918,0.0,1,0,42.67666603773584,2.7976964150943395,0.0,30566.344365534405,False,False,90.3530079046704,1
67028,Benfeld,44 - Grand Est,5973,19.94,25680.0,12.7869433492269,0.0,2,0,48.363595769230784,7.600724038461539,0.0,28899.190004527474,False,False,64.00311362264837,1
67106,Drusenheim,44 - Grand Est,5388,20.37,28980.0,12.9920622255811,0.0,0,0,48.76085409090909,7.944855757575758,4.3,31120.418574586623,True,False,69.73663099277124,0
67118,Eckbolsheim,44 - Grand Est,7157,19.82,28580.0,13.6059943400127,0.0,1,0,48.58003538461538,7.682037884615383,0.0,30384.828106784826,False,False,106.61702094737346,1
67131,Eschau,44 - Grand Est,5878,19.31,30080.0,14.2371681299136,0.0,1,0,48.48041377777777,7.727445222222221,0.0,30364.51374829712,False,False,78.19552551554231,1
67137,Fegersheim,44 - Grand Est,5780,19.14,30040.0,14.7145453743103,0.0,0,0,48.49706160000001,7.6861692,2.6,30580.8975260141,True,False,80.50778856759665,0
67151,Gambsheim,44 - Grand Est,5312,21.19,29810.0,13.7910300511663,0.0,0,0,48.69390999999999,7.886628723404255,7.1,32496.928014241046,True,True,82.35162040530567,0
67204,Hœnheim,44 - Grand Est,11742,23.59,24970.0,14.446639779428,0.0,0,0,48.62636923076924,7.755085384615386,0.8,29536.72277622275,True,False,106.4422092628996,0
67313,Mutzig,44 - Grand Est,6087,16.48,25450.0,12.1769412118686,0.0,1,0,48.5351375,7.454159772727272,0.0,29270.608450084717,False,False,69.95152455095584,1
67365,Ostwald,44 - Grand Est,13946,18.9,24170.0,14.2801627742384,0.0,0,0,48.54664466666667,7.709066666666667,2.2,29949.55229529614,True,False,96.76676576032467,0
67388,Reichshoffen,44 - Grand Est,5418,21.79,25470.0,10.8120920779279,0.0,0,0,48.93767012345679,7.671534938271605,3.0,30067.209304835076,True,False,64.40664110217925,0
67411,Rosheim,44 - Grand Est,5457,23.59,30420.0,14.4234992880453,0.0,0,0,48.49093137931033,7.411685603448275,5.6,32268.787446445174,True,True,74.21357402887296,0
67471,Souffelweyersheim,44 - Grand Est,8239,22.07,28970.0,14.981739792852,0.0,0,0,48.63413214285714,7.742299047619047,2.0,30492.45215531077,True,False,106.4422092628996,0
67519,La Wantzenau,44 - Grand Est,5864,25.17,33410.0,13.9577163442401,0.0,0,0,48.65402173333334,7.8288972,5.7,32919.56031294132,True,True,81.65843624949052,0
68042,Blotzheim,44 - Grand Est,5282,17.49,39080.0,14.1771244357667,0.0,0,0,47.60370155555555,7.493271555555557,4.0,32381.579194405156,True,True,47.6486999226392,0
68145,Horbourg-Wihr,44 - Grand Est,6199,24.91,28390.0,12.493257301351,0.0,0,0,48.083237169811326,7.405166226415095,3.8,31258.499134444726,True,False,53.4622856282471,0
68163,Kembs,44 - Grand Est,5834,14.87,37430.0,15.9723574383994,0.0,0,0,47.66760957446808,7.507685319148938,3.8,31876.97494680559,True,True,57.554991636723074,0
68195,Lutterbach,44 - Grand Est,6851,21.51,26080.0,12.795614048678,0.0,0,0,47.761715,7.268909750000001,1.8,29771.237472775203,True,False,78.29487372985066,0
68300,Sausheim,44 - Grand Est,5666,26.5,29540.0,13.0344428683625,0.0,0,0,47.78557875,7.385587812500001,2.3,31026.365807348397,True,False,74.38622706906582,0
68315,Soultz-Haut-Rhin,44 - Grand Est,7012,21.88,26900.0,10.6462033382389,0.0,0,0,47.88518340136055,7.18058013605442,3.6,30543.96625251388,True,False,52.0433733746105,0
68374,Wintzenheim,44 - Grand Est,8059,25.31,27690.0,12.5708933276997,0.0,0,0,48.06301911392405,7.27635569620253,10.3,33802.20348709624,True,True,37.20595302329918,0
69019,Belleville-en-Beaujolais,84 - Auvergne-Rhône-Alpes,14016,17.34,25250.0,11.3643027466757,0.0,7,0,46.10163807692308,4.730616538461538,0.0,27275.37884879433,False,False,64.50708927730884,1
69028,Brindas,84 - Auvergne-Rhône-Alpes,6775,16.89,33960.0,13.7041510594962,0.0,1,0,45.721712941176456,4.703749803921569,0.0,30877.674815621343,False,False,118.09947060502404,1
69092,Gleizé,84 - Auvergne-Rhône-Alpes,8035,23.15,26470.0,12.6478768616655,0.0,4,0,45.99061250000001,4.690523333333332,0.0,28739.114763391462,False,False,82.68960913720613,1
69094,Grézieu-la-Varenne,84 - Auvergne-Rhône-Alpes,6472,20.54,31320.0,14.4569813504363,0.0,0,0,45.74807448979591,4.688492244897959,2.9,31034.61560158369,True,False,114.59887842349572,0
69096,Grigny,84 - Auvergne-Rhône-Alpes,10030,15.19,24720.0,13.1250754450319,0.0,0,0,45.61277368421054,4.787926052631579,3.9,29955.025403039857,True,False,98.67652517718196,0
69100,Irigny,84 - Auvergne-Rhône-Alpes,9034,19.49,29110.0,14.1593826620151,0.0,1,0,45.67434707317073,4.8115056097560975,0.0,30817.86345681729,False,False,110.22085515742027,1
69142,La Mulatière,84 - Auvergne-Rhône-Alpes,6534,21.56,25710.0,14.2121126381602,0.0,0,0,45.73280892857142,4.811971428571427,1.7,29751.73803623077,True,False,131.0350364124291,0
69191,Saint-Cyr-au-Mont-d'Or,84 - Auvergne-Rhône-Alpes,6327,24.12,45720.0,16.8176279235289,0.0,1,0,45.8206485483871,4.817409677419354,0.0,33559.982919531394,False,False,122.961108793372,1
69205,Saint-Genis-les-Ollières,84 - Auvergne-Rhône-Alpes,5439,19.28,34450.0,13.0051681425503,0.0,0,0,45.7594262962963,4.72637962962963,1.5,30762.22783264164,True,False,121.20579119995938,0
69255,Vaugneray,84 - Auvergne-Rhône-Alpes,6304,19.83,30590.0,12.7751865342655,0.0,2,0,45.72904150684931,4.643127260273973,0.0,29701.887407209848,False,False,100.0423177206711,1
69278,Genay,84 - Auvergne-Rhône-Alpes,5585,17.19,30100.0,13.3396619018453,0.0,1,0,45.89848523809524,4.83881,0.0,30049.229197445795,False,False,104.74105507762192,1
69279,Jonage,84 - Auvergne-Rhône-Alpes,6144,18.8,31700.0,14.8429305859346,0.0,2,0,45.79214371428571,5.043953428571428,0.0,29868.198419026263,False,False,102.14377664144676,1
69288,Saint-Laurent-de-Mure,84 - Auvergne-Rhône-Alpes,5791,19.23,30610.0,14.5277714241997,0.0,1,0,45.68553137931036,5.064443620689655,0.0,30439.85797699447,False,False,108.46929261271195,1
69297,Ternay,84 - Auvergne-Rhône-Alpes,5596,19.75,30520.0,14.7922292198279,0.0,0,0,45.60790527777778,4.808902222222223,2.7,30761.330120953367,True,False,100.73800397591788,0
71040,Blanzy,27 - Bourgogne-Franche-Comté,5955,31.97,24580.0,8.76803973587684,0.0,0,0,46.702549099099095,4.392019279279279,4.5,31670.58575743466,True,False,56.06883637366902,0
72071,Montval-sur-Loir,52 - Pays de la Loire,5641,36.17,22730.0,8.60978581597919,0.0,6,0,47.692093939393935,0.4235786868686869,0.0,29843.359527534085,False,False,52.93591611841973,1
72213,Mulsanne,52 - Pays de la Loire,5244,23.24,25520.0,8.52706200020435,0.0,1,0,47.919307142857136,0.2417251785714285,0.0,29608.901710807502,False,False,67.44905538287821,1
72231,Parigné-l'Évêque,52 - Pays de la Loire,5358,22.97,26780.0,8.52706200020435,0.0,0,0,47.93218822695035,0.3746536879432624,7.7,32150.273200590684,True,True,55.90270853276952,0
73010,Entrelacs,84 - Auvergne-Rhône-Alpes,6461,17.64,30140.0,14.2464434201,0.0,0,0,45.78602370588235,5.921115,7.1,32225.591562539405,True,True,91.97742734225112,0
73029,Barberaz,84 - Auvergne-Rhône-Alpes,5306,22.57,28530.0,14.2906359294321,0.0,1,0,45.55533971428572,5.941976,0.0,30341.697677918644,False,False,102.68799510144412,1
73031,Bassens,84 - Auvergne-Rhône-Alpes,5175,19.09,28390.0,14.6946327679382,0.0,0,0,45.58166962962964,5.938512592592593,1.8,29988.927776901422,True,False,105.5737537141746,0
73051,Le Bourget-du-Lac,84 - Auvergne-Rhône-Alpes,5216,18.99,31220.0,15.3504517825502,0.0,0,0,45.64134641509434,5.849686981132076,4.4,31504.448313354365,True,False,107.41272178484031,0
73213,La Ravoire,84 - Auvergne-Rhône-Alpes,9332,21.39,27930.0,14.831824245141,0.0,0,0,45.55304581395349,5.959684651162791,1.4,30017.383852901992,True,False,100.23783338380464,0
74005,Allinges,84 - Auvergne-Rhône-Alpes,5019,17.52,36100.0,14.8423294760308,0.0,0,0,46.33379656716419,6.463991343283583,3.2,31624.96104608425,True,False,83.1577322237825,0
74008,Ambilly,84 - Auvergne-Rhône-Alpes,6355,17.75,31680.0,19.7837169336659,0.0,0,0,46.19496636363637,6.222340454545455,1.8,30658.66480091346,True,False,108.99700418312098,0
74026,La Balme-de-Sillingy,84 - Auvergne-Rhône-Alpes,5336,16.38,31760.0,15.8461040072443,0.0,2,0,45.96801147540983,6.048909836065574,0.0,29599.272061492964,False,False,90.51941492986712,1
74094,Cranves-Sales,84 - Auvergne-Rhône-Alpes,7762,16.47,41150.0,19.9090583016134,0.0,1,0,46.19620126760564,6.301788169014085,0.0,32498.25337458643,False,False,110.46633391668482,1
74112,Epagny Metz-Tessy,84 - Auvergne-Rhône-Alpes,8925,13.49,34550.0,18.6981002953857,0.0,5,0,45.94253905660378,6.093109433962265,0.0,29089.40634203912,False,False,86.22617491694557,1
74123,Faverges-Seythenex,84 - Auvergne-Rhône-Alpes,7545,25.38,26800.0,13.9182225893698,0.0,1,0,45.73041256,6.27715368,0.0,30750.94101095664,False,False,72.07202940970559,1
74133,Gaillard,84 - Auvergne-Rhône-Alpes,11423,15.88,30180.0,17.7944471702739,0.0,2,0,46.183466969696966,6.206226666666667,0.0,30013.78656668489,False,False,106.08206737862216,1
74169,Marnaz,84 - Auvergne-Rhône-Alpes,5964,14.85,29080.0,14.0988469481604,0.0,0,0,46.05360790697674,6.522005581395349,2.0,29727.202311599176,True,False,83.11202035399454,0
74213,Poisy,84 - Auvergne-Rhône-Alpes,9291,17.54,33240.0,17.5057495432862,0.0,0,0,45.915235918367344,6.066797142857142,3.6,31500.320637884903,True,False,81.70203337509837,0
74220,Reignier-Ésery,84 - Auvergne-Rhône-Alpes,8464,16.94,39010.0,17.9495533614003,0.0,1,0,46.13475766666667,6.261606444444444,0.0,32232.005014199767,False,False,115.21341732449484,1
74224,La Roche-sur-Foron,84 - Auvergne-Rhône-Alpes,11348,14.13,32850.0,16.0157484880127,0.0,5,0,46.04555625,6.300188269230769,0.0,28864.310540197977,False,False,107.20061718367636,1
74236,Saint-Gervais-les-Bains,84 - Auvergne-Rhône-Alpes,5755,21.41,28750.0,14.820817542693,0.0,0,1,45.8490823699422,6.73503965317919,12.8,34966.11701436042,True,True,35.03133027806112,0
74250,Saint-Pierre-en-Faucigny,84 - Auvergne-Rhône-Alpes,7865,13.77,33320.0,14.7686723143491,0.0,0,0,46.06245671232877,6.369282465753425,3.6,30980.52480607762,True,False,105.64003957471724,0
74263,Sciez,84 - Auvergne-Rhône-Alpes,6447,16.0,36970.0,15.3966749282264,0.0,0,0,46.32623776315789,6.374862105263159,5.3,32489.438858051843,True,True,105.61882573081424,0
74272,Sillingy,84 - Auvergne-Rhône-Alpes,5826,14.91,32300.0,17.2722738606324,0.0,0,0,45.94887608695653,6.025257536231884,2.8,30735.09887065143,True,False,82.24415024683042,0
74278,Thyez,84 - Auvergne-Rhône-Alpes,6309,20.46,30140.0,15.18895782287,0.0,0,0,46.08817432432432,6.53652972972973,4.4,31477.396728861917,True,False,83.30032777078648,0
74282,Fillière,84 - Auvergne-Rhône-Alpes,10075,15.67,36700.0,18.0264169032045,0.0,0,0,46.00106017391305,6.203823217391304,5.6,32696.08092921318,True,True,94.34606395916546,0
74298,Vétraz-Monthoux,84 - Auvergne-Rhône-Alpes,10949,14.89,36880.0,20.5146883857458,0.0,0,0,46.18087466666666,6.263289111111111,1.8,31265.622335436783,True,False,116.0644450192802,0
74309,Viry,84 - Auvergne-Rhône-Alpes,5809,11.9,46760.0,20.9814483235218,0.0,0,0,46.12019517647059,6.026879058823528,4.8,33732.83307501361,True,True,98.58115664633344,0
76095,Bihorel,28 - Normandie,8316,25.71,28130.0,12.7507000167419,0.0,0,0,49.462704285714274,1.1280825714285716,1.5,30403.337789072142,True,False,80.52510812638256,0
76103,Bonsecours,28 - Normandie,6442,31.63,29830.0,12.5280453412118,0.0,0,0,49.425354883720935,1.1330602325581396,1.8,31362.76648078898,True,False,86.30639618119551,0
76157,Canteleu,28 - Normandie,14402,19.13,20210.0,12.0999500090805,0.0,0,0,49.434744375,1.0215022916666667,3.0,31751.75366743273,True,True,90.3495429683986,0
76165,Caudebec-lès-Elbeuf,28 - Normandie,10476,20.24,21880.0,10.240713777518,0.0,1,0,49.2817075862069,1.026236896551724,0.0,31538.734891584656,False,False,72.35795380165146,1
76216,Déville-lès-Rouen,28 - Normandie,10802,17.29,22160.0,12.2979934551423,0.0,0,0,49.4667771875,1.048595,1.7,30262.4485959306,True,False,90.13404446048888,0
76305,Gonfreville-l'Orcher,28 - Normandie,8916,18.5,23080.0,11.0686872002431,0.0,2,0,49.49831,0.2230731481481481,0.0,29610.61453756408,False,False,68.44670449168882,1
76319,Grand-Couronne,28 - Normandie,9768,19.16,23030.0,12.2623341637519,0.0,0,1,49.34357357142857,1.012352142857143,4.8,31613.52363323986,True,False,74.95615171833695,0
76402,Malaunay,28 - Normandie,6221,18.29,25160.0,12.1133808659539,0.0,0,0,49.52412464788733,1.0427435211267606,3.2,29822.580993204323,True,False,75.99293795343085,0
76410,Maromme,28 - Normandie,10957,22.03,20350.0,12.7644699784332,0.0,3,0,49.477373793103446,1.0321389655172415,0.0,30793.832293002044,False,False,90.77974967707608,1
76474,Notre-Dame-de-Bondeville,28 - Normandie,7071,20.71,25460.0,10.5616308473399,0.0,0,0,49.48843392857143,1.0554707142857145,2.1,29593.781208680608,True,False,86.71988066443346,0
76475,Franqueville-Saint-Pierre,28 - Normandie,6171,22.36,31930.0,11.8163372438798,0.0,0,0,49.40200911111111,1.1799197777777777,2.7,31089.839379582703,True,False,79.46581550989943,0
76476,Port-Jérôme-sur-Seine,28 - Normandie,10617,20.36,25410.0,11.1301985400738,0.0,1,0,49.512456846846845,0.5918403603603604,0.0,30450.21633551019,False,False,60.93284795290099,1
76481,Octeville-sur-Mer,28 - Normandie,6172,21.86,32930.0,13.3352233730323,0.0,0,0,49.55657896551725,0.1242703448275862,4.9,32160.549027998342,True,True,59.44890450994166,0
76484,Oissel,28 - Normandie,12317,17.36,22920.0,10.6328982911106,0.0,0,0,49.34301279411765,1.0688463235294117,2.8,30326.68096843812,True,False,78.7344769646119,0
76497,Petit-Couronne,28 - Normandie,8683,18.35,23310.0,11.36654381485,0.0,1,0,49.38508970588235,1.029300294117647,0.0,30505.139100071872,False,False,79.8704825489785,1
76498,Le Petit-Quevilly,28 - Normandie,22208,16.53,20840.0,12.1343566014818,0.0,0,0,49.42556741935484,1.0580906451612904,2.2,30968.714428598003,True,False,89.8019410205013,0
76552,Sainte-Adresse,28 - Normandie,7004,33.01,36540.0,13.7788392818375,0.0,0,0,49.51197727272727,0.0772859090909091,3.7,33398.29711556276,True,True,55.79595262984561,0
76561,Saint-Aubin-lès-Elbeuf,28 - Normandie,8443,24.25,23770.0,10.7747495002016,0.0,0,0,49.30387233333333,1.0200696666666669,2.5,30542.924199469093,True,False,76.1928000548203,0
76575,Saint-Étienne-du-Rouvray,28 - Normandie,29518,17.77,20740.0,11.4466208375646,0.0,2,0,49.383153055555546,1.0941,0.0,32481.54593343117,False,False,85.70805349811441,1
76618,Petit-Caux,28 - Normandie,9513,17.42,26050.0,8.85882492748731,0.0,0,0,49.95470775641026,1.258295897435897,6.4,31001.248378238644,True,False,74.83274163353957,0
76640,Saint-Pierre-lès-Elbeuf,28 - Normandie,8306,23.03,24650.0,10.9892178505392,0.0,0,0,49.27549200000001,1.0491678181818185,1.8,29801.926817376767,True,False,83.97335234349259,0
77018,Bailly-Romainvilliers,11 - Île-de-France,6980,6.87,31170.0,18.2554140500744,0.0,0,1,48.84387510638298,2.817049787234042,2.1,29808.79127148448,True,False,54.03805651457578,0
77037,Bois-le-Roi,11 - Île-de-France,6072,21.13,38140.0,17.1640518184677,0.0,0,0,48.48035891891893,2.7036224324324323,4.7,33041.354333863215,True,True,57.83262925669155,0
77055,Brou-sur-Chantereine,11 - Île-de-France,5196,11.23,25090.0,17.3068746505711,0.0,0,1,48.88988583333333,2.637464444444445,2.4,29336.57462600101,True,False,82.29539831509958,0
77058,Bussy-Saint-Georges,11 - Île-de-France,27498,8.65,29640.0,18.1074975611724,0.0,3,0,48.82857462686567,2.717818208955224,0.0,29721.41455356679,False,False,68.71011292783368,1
77067,Cesson,11 - Île-de-France,11222,14.54,30090.0,16.6304695242032,0.0,3,0,48.56640783783784,2.5909237837837846,0.0,29217.65467063101,False,False,57.7276664635159,1
77079,Champagne-sur-Seine,11 - Île-de-France,6497,16.01,23340.0,13.4110476824047,0.0,0,0,48.40595675675676,2.8040883783783785,5.3,31140.263984542897,True,False,58.39783818255989,0
77111,Chessy,11 - Île-de-France,7771,6.82,30800.0,19.2481275344542,0.0,0,0,48.87149741935484,2.77085129032258,1.5,29285.178412811747,True,False,62.37707258446756,0
77139,Courtry,11 - Île-de-France,7330,14.44,29540.0,17.2795781110815,0.0,0,0,48.91966782608696,2.600538695652173,2.4,30098.37700732797,True,False,86.31900727254062,0
77143,Crégy-lès-Meaux,11 - Île-de-France,5446,9.28,27610.0,14.840711167233,0.0,0,0,48.97618352941176,2.873353823529412,2.7,29253.33244716881,True,False,49.79150523139109,0
77169,Émerainville,11 - Île-de-France,7690,14.25,29320.0,18.81906613009,0.0,0,0,48.820663939393945,2.6071369696969704,2.4,30129.28945993476,True,False,87.08122991645503,0
77192,Fontenay-Trésigny,11 - Île-de-France,5994,16.15,27760.0,15.078693590896,0.0,0,0,48.69814954545455,2.8636660227272728,3.9,30460.17724282584,True,False,38.77442223810469,0
77249,Lésigny,11 - Île-de-France,6923,19.59,35190.0,17.6830350288326,0.0,0,0,48.7490898076923,2.616169423076923,4.1,32211.13401451908,True,True,76.78462529484685,0
77268,Magny-le-Hongre,11 - Île-de-France,9060,5.08,32740.0,18.4925448444884,0.0,0,0,48.86511351351351,2.81730945945946,3.1,30026.539935685465,True,False,54.43266283846112,0
77285,Le Mée-sur-Seine,11 - Île-de-France,19527,16.33,21060.0,15.5470534006122,0.0,0,0,48.54051666666667,2.631201212121212,2.0,30949.201882175817,True,False,59.08916400635452,0
77294,Mitry-Mory,11 - Île-de-France,20456,12.93,25450.0,17.1848818828702,0.0,1,0,48.97906782608696,2.614830434782609,0.0,31869.541265152457,False,False,75.54624158245828,1
77296,Moissy-Cramayel,11 - Île-de-France,18511,9.03,25530.0,16.4002942884276,0.0,0,0,48.62410782608696,2.5941034782608696,3.0,29177.59514726589,True,False,62.6251727275243,0
77316,Moret-Loing-et-Orvanne,11 - Île-de-France,12810,22.12,30010.0,14.833808334145,0.0,1,0,48.35323676470588,2.8170732352941177,0.0,31966.95048001461,False,False,50.28884487486697,1
77317,Mormant,11 - Île-de-France,5282,14.32,25550.0,14.1126920071413,0.0,0,0,48.59818709677419,2.882911129032258,8.2,31589.65290601733,True,False,41.38864317394328,0
77320,Mouroux,11 - Île-de-France,5810,15.38,27860.0,13.2115837687128,0.0,0,0,48.82613445945946,3.0516666216216217,3.4,30097.588333805204,True,False,39.48348481047759,0
77326,Nandy,11 - Île-de-France,6350,12.38,26830.0,16.6173063318639,0.0,0,0,48.58106692307693,2.549565897435897,3.5,29860.119291627503,True,False,60.124936121068735,0
77330,Nanteuil-lès-Meaux,11 - Île-de-France,7308,13.75,28350.0,16.1473531601394,0.0,0,0,48.930307,2.90117825,2.4,29779.12796407744,True,False,51.56736019075142,0
77337,Noisiel,11 - Île-de-France,16053,15.57,23480.0,18.3672896673755,0.0,1,0,48.84661277777778,2.616231388888889,0.0,31910.952248985803,False,False,85.86368051720781,1
77349,Othis,11 - Île-de-France,6717,14.26,29910.0,16.5983650240885,0.0,0,0,49.08396854838709,2.649026612903226,3.9,30699.002660271468,True,False,56.04921272527493,0
77382,Quincy-Voisins,11 - Île-de-France,5547,14.58,30550.0,17.3218461504861,0.0,0,0,48.89942382978723,2.876516808510639,2.1,30144.864488359515,True,False,53.12833799269611,0
77390,Roissy-en-Brie,11 - Île-de-France,23229,13.02,27060.0,17.6761375936924,0.0,4,0,48.78875407407408,2.6558333333333337,0.0,28881.954791042885,False,False,75.64442702122608,1
77430,Saint-Pathus,11 - Île-de-France,6479,11.9,29700.0,15.6928723712567,0.0,0,0,49.074688181818175,2.786726136363636,3.7,30299.52301444419,True,False,56.37319937328748,0
77431,Saint-Pierre-lès-Nemours,11 - Île-de-France,5401,28.12,27470.0,13.3048499695499,0.0,0,0,48.2605175,2.666779722222222,3.4,31312.205570681668,True,False,46.78772017844004,0
77438,Saint-Thibault-des-Vignes,11 - Île-de-France,6831,13.71,29720.0,17.4244269429229,0.0,0,0,48.8614905263158,2.6779078947368427,2.6,30138.88208232928,True,False,77.08355158056503,0
77445,Savigny-le-Temple,11 - Île-de-France,31148,9.88,24660.0,16.4449743290353,0.0,0,0,48.58529784313725,2.571290980392157,2.5,29189.48454248824,True,False,58.21985658306298,0
77464,Thorigny-sur-Marne,11 - Île-de-France,10440,15.29,28160.0,16.7510710816995,0.0,0,0,48.894240606060606,2.7119287878787883,2.5,29993.635902076287,True,False,72.88421883332205,0
77468,Torcy,11 - Île-de-France,22810,12.9,24270.0,17.6968457745251,0.0,0,0,48.85064255813954,2.6532,2.4,29625.221170595,True,False,79.48634931673011,0
77475,Trilport,11 - Île-de-France,5146,16.53,28150.0,15.6949543248669,0.0,0,0,48.95519294117647,2.960615588235294,4.8,30948.395334452114,True,False,44.68292328248151,0
77487,Vaux-le-Pénil,11 - Île-de-France,11474,18.42,29550.0,16.4342298807599,0.0,1,0,48.522408032786885,2.6976919672131148,0.0,31358.807824058404,False,False,56.24671427328091,1
77513,Villenoy,11 - Île-de-France,5127,12.21,27490.0,15.9427771996006,0.0,0,0,48.943049615384616,2.8504880769230763,3.2,29784.66387057827,True,False,48.65444108212091,0
78029,Aubergenville,11 - Île-de-France,12723,13.01,25580.0,15.8678101717901,0.0,0,1,48.96283571428571,1.8470439285714289,1.9,29358.95686925941,True,False,62.37305803377805,0
78062,Beynes,11 - Île-de-France,7704,18.57,33450.0,16.6027204969106,0.0,0,0,48.8535190625,1.8696434375,6.6,32778.89840334166,True,True,63.03846318238262,0
78092,Bougival,11 - Île-de-France,9134,15.45,36010.0,19.9582299211992,0.0,0,0,48.86325214285714,2.1368061904761904,1.3,30942.77571856001,True,False,104.53165710669666,0
78123,Carrières-sous-Poissy,11 - Île-de-France,20825,9.83,25160.0,17.7826360949709,0.0,0,0,48.94728354838709,2.0283251612903226,2.6,29126.59027068004,True,False,86.52128036160192,0
78124,Carrières-sur-Seine,11 - Île-de-France,14791,12.14,37270.0,20.7672592223335,0.0,0,0,48.91338677419355,2.178607096774194,1.5,30968.610217233298,True,False,111.03945475697904,0
78126,La Celle-Saint-Cloud,11 - Île-de-France,20460,17.73,33170.0,21.0985978025493,0.0,1,0,48.851276829268286,2.139221951219512,0.0,33790.75334154845,False,False,106.17613339435331,1
78138,Chanteloup-les-Vignes,11 - Île-de-France,10861,12.11,21940.0,15.9133243413222,0.0,0,0,48.9760965625,2.0320796875,1.4,29906.667881563448,True,False,82.29094841724194,0
78160,Chevreuse,11 - Île-de-France,5502,20.86,38400.0,18.3001411117597,0.0,0,0,48.70748757575758,2.036674090909091,3.1,32473.47833089896,True,True,62.86644510133894,0
78217,Épône,11 - Île-de-France,7031,17.69,29320.0,16.2044687604835,0.0,0,0,48.94667090909091,1.812834696969697,4.6,31208.829321539903,True,False,59.51820028243243,0
78220,Les Essarts-le-Roi,11 - Île-de-France,6831,18.49,33040.0,17.0487113279886,0.0,0,0,48.714430500000006,1.9044235,4.0,31684.601957500054,True,False,54.0430577887419,0
78224,L'Étang-la-Ville,11 - Île-de-France,5157,19.63,45540.0,19.9298786868647,0.0,0,0,48.868358,2.0647314285714287,2.0,33131.480271089,True,True,96.6324914380982,0
78242,Fontenay-le-Fleury,11 - Île-de-France,13680,16.01,29440.0,18.2498040440135,0.0,0,0,48.8181793939394,2.0481793939393937,1.6,30008.66020619986,True,False,84.89770823040237,0
78267,Gargenville,11 - Île-de-France,7869,18.0,27690.0,15.2042782488838,0.0,0,0,48.9917759090909,1.811297727272728,5.3,31211.72669979561,True,False,59.56266314657721,0
78297,Guyancourt,11 - Île-de-France,29778,9.96,27570.0,18.6982014643365,0.0,0,0,48.77394956521739,2.073930434782609,2.6,29624.22754026149,True,False,87.18235116568798,0
78321,Jouars-Pontchartrain,11 - Île-de-France,6039,18.9,37060.0,17.2381095875956,0.0,0,0,48.78740500000001,1.9076274137931035,2.0,31570.409814235238,True,False,66.1488787127052,0
78322,Jouy-en-Josas,11 - Île-de-France,7981,15.13,40770.0,22.6051388347596,0.0,1,0,48.7628985,2.1603621666666664,0.0,32488.455094686677,False,False,99.7925257649544,1
78335,Limay,11 - Île-de-France,17885,12.31,22060.0,15.0942316894801,0.0,0,0,48.99292261904762,1.7401033333333336,3.0,30515.85484363309,True,False,54.69248204929602,0
78350,Louveciennes,11 - Île-de-France,7990,21.82,41000.0,20.4153238208221,0.0,0,0,48.860065000000006,2.114616842105263,1.9,32631.17343679525,True,True,100.12595547337123,0
78354,Magnanville,11 - Île-de-France,6383,23.14,27030.0,15.6536131820599,0.0,0,0,48.967670000000005,1.683088148148148,1.8,30236.284451239917,True,False,55.45546281355056,0
78356,Magny-les-Hameaux,11 - Île-de-France,9386,14.12,31720.0,17.4270086818774,0.0,0,0,48.73834909090909,2.057340568181818,2.3,30392.937887958666,True,False,74.5779062480871,0
78380,Maule,11 - Île-de-France,6083,18.87,33430.0,15.7909345234209,0.0,1,0,48.90995607843137,1.8420164705882356,0.0,30975.100908213983,False,False,62.752985883713286,1
78396,Le Mesnil-le-Roi,11 - Île-de-France,6332,20.05,39890.0,19.6544731640776,0.0,0,0,48.92720166666667,2.119793333333333,1.8,32187.08556550653,True,True,97.38492587501835,0
78397,Le Mesnil-Saint-Denis,11 - Île-de-France,7276,20.4,36770.0,18.133236539708,0.0,0,0,48.74022492307692,1.9636835384615383,3.8,32449.64637250825,True,True,60.94350603506232,0
78401,Meulan-en-Yvelines,11 - Île-de-France,8950,15.33,23540.0,15.050704812505,0.0,2,0,49.00793666666666,1.9105013333333336,0.0,29322.499435846355,False,False,61.63377512784595,1
78481,Le Pecq,11 - Île-de-France,16059,19.79,35280.0,21.7667197017727,0.0,0,0,48.891529166666665,2.1030377777777782,2.0,31678.314762993712,True,False,97.74706743881512,0
78486,Le Perray-en-Yvelines,11 - Île-de-France,6480,22.18,32600.0,16.5336331989988,0.0,2,0,48.69195102564103,1.8447315384615384,0.0,30480.37287274036,False,False,42.35695208471795,1
78502,Le Port-Marly,11 - Île-de-France,5559,14.29,30270.0,19.9365525976832,0.0,0,5,48.88019428571428,2.107689523809524,1.8,31480.925173504056,True,False,99.1078713245027,0
78531,Rosny-sur-Seine,11 - Île-de-France,7328,15.19,24990.0,14.1701639222393,0.0,0,0,48.99578467741935,1.6063503225806453,3.6,29768.183019244585,True,False,53.7180521039661,0
78537,Saint-Arnoult-en-Yvelines,11 - Île-de-France,5875,23.57,32850.0,15.9840435987684,0.0,0,0,48.57246222222222,1.931478571428572,6.0,32899.5577430424,True,True,39.575186137416935,0
78545,Saint-Cyr-l'École,11 - Île-de-France,21268,10.89,30480.0,18.7784158915117,0.0,2,0,48.80884571428572,2.0640528571428574,0.0,30564.408837999268,False,False,87.54840759320214,1
78638,Vaux-sur-Seine,11 - Île-de-France,5202,15.96,32290.0,16.2428273718698,0.0,0,0,49.01105875,1.9672975,3.2,30939.506148334756,True,False,70.27102257332959,0
78644,La Verrière,11 - Île-de-France,5994,14.02,20780.0,16.6525205684887,0.0,0,0,48.753560740740745,1.9517092592592595,2.8,31130.075011265744,True,False,60.79758509594086,0
78672,Villennes-sur-Seine,11 - Île-de-France,5952,17.53,42710.0,19.4335775444614,0.0,4,0,48.93803973684211,1.9963415789473684,0.0,30979.303182859207,False,False,79.12166371590858,1
78674,Villepreux,11 - Île-de-France,11931,14.67,32470.0,18.5836482709229,0.0,0,1,48.83183653061224,2.014941836734694,2.7,31082.01383780052,True,False,85.51892855504296,0
78688,Voisins-le-Bretonneux,11 - Île-de-France,10624,18.32,40110.0,19.4784901756649,0.0,2,0,48.75766264705882,2.047737352941177,0.0,31852.552495679345,False,False,81.03309115582388,1
79003,Aiffres,75 - Nouvelle-Aquitaine,5419,25.3,28280.0,10.9577450994995,0.0,0,0,46.283111641791045,-0.4169182089552239,6.4,32232.878392544397,True,True,90.33923064120448,0
79048,La Crèche,75 - Nouvelle-Aquitaine,5662,24.64,27740.0,10.2394168330091,0.0,0,0,46.367927916666666,-0.3081590833333333,5.2,31563.79321159391,True,False,82.80462716960655,0
79081,Chauray,75 - Nouvelle-Aquitaine,7221,21.94,28780.0,11.6069029475174,0.0,3,0,46.35451130434782,-0.3754153623188406,0.0,29214.507062308003,False,False,92.15420727258376,1
79179,Moncoutant-sur-Sèvre,75 - Nouvelle-Aquitaine,5121,26.13,24280.0,8.2747887477079,0.0,0,0,46.73551208333333,-0.5762933333333333,12.1,34214.424859497594,True,True,60.940752570385,0
79195,Nueil-les-Aubiers,75 - Nouvelle-Aquitaine,5483,22.3,23380.0,7.95214729522791,0.0,0,0,46.93704270531401,-0.6015408212560387,12.4,34293.864040389606,True,True,63.05404886914846,0
81021,Aussillon,76 - Occitanie,5527,35.57,21290.0,9.27614830131249,0.0,0,0,43.49395969696969,2.3529766666666667,4.9,33522.94629263036,True,True,65.81211663781049,0
81120,Labruguière,76 - Occitanie,6584,25.29,23830.0,9.23158647398408,0.0,0,0,43.510384370370375,2.264210296296296,11.5,34129.25040091752,True,True,57.5959369901477,0
81271,Saint-Sulpice-la-Pointe,76 - Occitanie,9719,16.04,27580.0,11.2024555835115,0.0,2,0,43.75802342857144,1.6898488571428572,0.0,29094.31608657239,False,False,67.23893585607074,1
83004,Les Arcs,93 - Provence-Alpes-Côte d'Azur,8109,23.55,25050.0,12.9204521715043,0.0,1,0,43.45038124999999,6.487549791666666,0.0,30340.776665051035,False,False,91.34267214328273,1
83019,Bormes-les-Mimosas,93 - Provence-Alpes-Côte d'Azur,8545,37.08,27380.0,16.2510347432394,0.0,1,0,43.14922260869566,6.347689855072464,0.0,32329.282659186683,False,False,54.84194816765276,1
83027,La Cadière-d'Azur,93 - Provence-Alpes-Côte d'Azur,5739,29.81,33060.0,14.8596302407827,0.0,1,0,43.19201017857142,5.730980892857143,0.0,31902.94262729288,False,False,96.915933541266,1
83054,La Farlède,93 - Provence-Alpes-Côte d'Azur,10014,23.39,27780.0,14.7910642360493,0.0,1,0,43.162816500000005,6.04019025,0.0,31215.749590172854,False,False,85.0596714525964,1
83064,Garéoult,93 - Provence-Alpes-Côte d'Azur,5835,31.95,28180.0,13.1295558569663,0.0,1,0,43.34039529411764,6.0404543137254905,0.0,31266.868225940696,False,False,79.19055921082696,1
83073,Le Luc,93 - Provence-Alpes-Côte d'Azur,11310,22.26,23050.0,12.6300916891256,0.0,1,0,43.38355537735849,6.300499528301886,0.0,31560.971680232786,False,False,78.40245672985428,1
83081,Montauroux,93 - Provence-Alpes-Côte d'Azur,7183,20.1,29200.0,15.1406284103659,0.0,0,0,43.594048055555554,6.791403796296297,2.8,30654.4172317496,True,False,66.14811065114752,0
83087,Nans-les-Pins,93 - Provence-Alpes-Côte d'Azur,5215,28.45,29190.0,13.5113109704984,0.0,0,0,43.384681176470586,5.787512705882352,8.9,33828.729986165345,True,True,84.42324865426586,0
83120,Saint-Zacharie,93 - Provence-Alpes-Côte d'Azur,5879,23.96,29230.0,14.860488541243,0.0,0,0,43.37733508771929,5.720293508771929,5.4,32062.522205742596,True,True,89.1359843316585,0
83131,Solliès-Toucas,93 - Provence-Alpes-Côte d'Azur,6269,20.18,29180.0,12.5235256022567,0.0,0,0,43.21250474358975,5.993942564102563,5.7,31673.15610286022,True,False,85.92990605412196,0
83140,Tourves,93 - Provence-Alpes-Côte d'Azur,5207,22.26,25030.0,11.7077716731603,0.0,0,0,43.4120325,5.922837400000001,6.1,31331.18555182419,True,False,64.47777519391362,0
83153,Saint-Mandrier-sur-Mer,93 - Provence-Alpes-Côte d'Azur,6000,28.58,26640.0,15.54910106017,0.0,0,0,43.07519617021277,5.926434680851063,3.9,31550.4161569886,True,False,81.21059314011241,0
84016,Bédarrides,93 - Provence-Alpes-Côte d'Azur,5671,23.78,25630.0,11.4616920960462,0.0,0,0,44.04690032258064,4.907499193548387,4.6,30968.06307248598,True,False,96.04508057528976,0
84034,Caumont-sur-Durance,93 - Provence-Alpes-Côte d'Azur,5667,21.33,26420.0,12.4437727845664,0.0,0,0,43.894749056603786,4.956267358490566,4.1,30701.479806091367,True,False,87.81654569737606,0
84039,Courthézon,93 - Provence-Alpes-Côte d'Azur,6426,20.75,25110.0,11.1615858280057,0.0,0,0,44.089883239436624,4.885510704225351,7.9,31890.6348305893,True,True,91.71179458642068,0
84043,Entraigues-sur-la-Sorgue,93 - Provence-Alpes-Côte d'Azur,8913,20.74,25000.0,12.5021082044837,0.0,0,0,43.99736159090909,4.927812954545454,3.1,30038.73258512741,True,False,100.25578234829032,0
84056,Jonquières,93 - Provence-Alpes-Côte d'Azur,5201,20.79,24920.0,11.2503267366789,0.0,0,0,44.12940728571429,4.9116484285714295,8.8,32266.571541880043,True,True,87.33195945437615,0
84091,Piolenc,93 - Provence-Alpes-Côte d'Azur,5718,21.28,25170.0,10.7691523347292,0.0,2,0,44.17376652777778,4.756915416666668,0.0,28819.964774114604,False,False,84.43498851986263,1
84119,Saint-Saturnin-lès-Avignon,93 - Provence-Alpes-Côte d'Azur,5206,22.99,28400.0,11.942927031851,0.0,0,0,43.96253405405405,4.941297567567568,2.8,30632.704560091115,True,False,90.85214066564524,0
84122,Sarrians,93 - Provence-Alpes-Côte d'Azur,5792,23.55,24730.0,10.7942227805776,0.0,0,0,44.10377342857144,4.953663571428572,8.0,32276.995684075428,True,True,82.26155367175588,0
84132,Le Thor,93 - Provence-Alpes-Côte d'Azur,8882,20.88,26470.0,12.4810170484264,0.0,0,0,43.92834456521739,4.9942935869565215,5.3,31165.168346401188,True,False,85.67226918534645,0
85008,Aubigny-Les Clouzeaux,52 - Pays de la Loire,7191,19.55,26810.0,10.3696886040078,0.0,0,0,46.61478204545455,-1.4754833333333333,7.7,31922.826374529926,True,True,102.53712986144237,0
85019,Bellevigny,52 - Pays de la Loire,6240,16.87,26810.0,9.78538021047196,0.0,0,0,46.788708333333325,-1.4166756862745091,6.7,31217.85897198893,True,False,52.298312954285656,0
85076,Cugand,52 - Pays de la Loire,5711,18.74,27270.0,11.5553542793313,0.0,0,0,47.06131472222222,-1.2540295833333337,4.0,30490.116708274345,True,False,69.30355814059631,0
85084,Essarts en Bocage,52 - Pays de la Loire,6851,15.91,25780.0,11.2120541799545,0.0,0,0,46.784975044642856,-1.2088782142857144,17.2,35238.365205832706,True,True,45.80066000444975,0
85089,La Ferrière,52 - Pays de la Loire,5454,19.8,26360.0,9.78538021047196,0.0,0,0,46.71937790322581,-1.3349637096774192,8.3,32074.722370828164,True,True,70.49316683985847,0
85090,Sèvremont,52 - Pays de la Loire,6385,19.27,24910.0,9.73347503602129,0.0,0,0,46.83969232804232,-0.8532844973544975,7.1,31363.86500924472,True,False,68.74112794556423,0
85096,La Garnache,52 - Pays de la Loire,5515,21.25,25600.0,12.2134933569436,0.0,1,0,46.89716130718954,-1.8214888888888887,0.0,29670.483912876876,False,False,64.77130425216747,1
85146,Montaigu-Vendée,52 - Pays de la Loire,21134,17.45,27250.0,11.9599502025793,0.0,5,0,46.97544323529412,-1.3124073529411766,0.0,28538.15016061272,False,False,41.2936499407792,1
85152,Les Achards,52 - Pays de la Loire,5518,18.93,25800.0,9.58662348117016,0.0,1,0,46.59327355769232,-1.6634722115384617,0.0,29327.135977720864,False,False,86.6420954734752,1
85155,Mouilleron-le-Captif,52 - Pays de la Loire,5273,22.69,28350.0,10.3696886040078,0.0,0,0,46.70854436363636,-1.4661594545454544,5.5,31590.531364112678,True,False,68.56332277416273,0
85226,Saint-Hilaire-de-Riez,52 - Pays de la Loire,13074,42.57,27070.0,12.6504599256939,0.0,0,0,46.75099462857143,-1.9676958857142852,7.3,34263.117902328166,True,True,73.16234903638575,0
85288,Talmont-Saint-Hilaire,52 - Pays de la Loire,8492,34.72,27910.0,13.921558791491,0.0,6,0,46.46824479166667,-1.623689375,0.0,29667.89644614778,False,False,71.03308847751151,1
86041,Buxerolles,75 - Nouvelle-Aquitaine,10289,24.27,26470.0,11.7816143165046,0.0,1,0,46.60574413043478,0.3694567391304348,0.0,30985.30531610693,False,False,88.1760815949606,1
86115,Jaunay-Marigny,75 - Nouvelle-Aquitaine,7528,20.0,26170.0,11.0465536365775,0.0,0,0,46.7230354375,0.3673045625,7.5,31824.424729108367,True,True,76.87497106731195,0
86157,Mignaloux-Beauvoir,75 - Nouvelle-Aquitaine,5229,18.26,30060.0,11.81180964926,0.0,0,0,46.55011310344828,0.4139885057471263,4.6,31136.75017531072,True,False,78.47734726095284,0
86158,Migné-Auxances,75 - Nouvelle-Aquitaine,6285,22.0,27420.0,11.0073273164235,0.0,2,0,46.631973714285714,0.3064868571428573,0.0,29321.49267902434,False,False,87.99769039002291,1
86174,Naintré,75 - Nouvelle-Aquitaine,5964,25.69,25900.0,9.06694919044591,0.0,0,0,46.77110172413793,0.4925270114942529,7.0,32034.90867915328,True,True,69.70502373128679,0
86214,Saint-Benoît,75 - Nouvelle-Aquitaine,7375,27.1,28060.0,11.5004899850433,0.0,1,0,46.54681492537314,0.3545691044776119,0.0,30962.18648289284,False,False,73.41694016855404,1
86281,Saint-Martin-la-Pallu,75 - Nouvelle-Aquitaine,5713,17.22,25850.0,8.89852559362923,0.0,1,0,46.71974021276596,0.2693343085106383,0.0,29161.93506111749,False,False,61.401220991931496,1
86297,Vouneuil-sous-Biard,75 - Nouvelle-Aquitaine,6290,20.69,27930.0,11.6080835654913,0.0,0,0,46.5806479,0.269821,6.4,31756.275944184054,True,True,72.93325707023082,0
87002,Ambazac,75 - Nouvelle-Aquitaine,5556,25.12,25900.0,9.50404102303927,0.0,0,0,45.95445092783505,1.3979456185567012,14.5,34999.0390979916,True,True,41.732914963331694,0
87048,Condat-sur-Vienne,75 - Nouvelle-Aquitaine,5281,23.36,27380.0,11.8608234733643,0.0,0,0,45.7828943076923,1.237438153846154,4.0,30983.531465868557,True,False,69.56712186142312,0
87050,Couzeix,75 - Nouvelle-Aquitaine,10195,24.99,27720.0,10.8010915047552,0.0,2,0,45.887115187969926,1.2145557894736845,0.0,30047.22491272905,False,False,79.31278144242268,1
87065,Feytiat,75 - Nouvelle-Aquitaine,6176,26.74,27620.0,11.0068742961599,0.0,1,0,45.807135691056914,1.3291453658536585,0.0,30604.41091686787,False,False,63.46657507390138,1
87075,Isle,75 - Nouvelle-Aquitaine,7995,29.27,27940.0,11.1129444246656,0.0,1,0,45.80509635135135,1.1973593243243243,0.0,31256.178445005877,False,False,71.22745862176212,1
87113,Le Palais-sur-Vienne,75 - Nouvelle-Aquitaine,5775,28.68,25570.0,10.7727572687045,0.0,0,0,45.87259424242424,1.3235253030303034,5.8,31892.0755289306,True,True,61.69523870408055,0
87114,Panazol,75 - Nouvelle-Aquitaine,11342,31.46,27270.0,10.7212650784254,0.0,0,0,45.84001585106383,1.3299390425531916,3.7,31630.070661801183,True,False,63.291401947361024,0
88372,Raon-l'Étape,44 - Grand Est,5886,26.15,21820.0,8.59281126386717,0.0,2,0,48.40603306818182,6.862065795454546,0.0,30450.826652638552,False,False,39.90326594524112,1
88465,Capavenir Vosges,44 - Grand Est,8547,22.73,23950.0,10.1149449891869,0.0,2,0,48.2522876344086,6.417431827956989,0.0,29605.471454768194,False,False,55.45487162248726,1
89464,Villeneuve-sur-Yonne,27 - Bourgogne-Franche-Comté,5135,28.87,23290.0,10.018281424805,0.0,0,0,48.08042825688073,3.319886513761468,9.8,34055.72651614322,True,True,63.03621358260361,0
90099,Valdoie,27 - Bourgogne-Franche-Comté,5175,23.56,23730.0,10.6513221917211,0.0,0,0,47.672586896551735,6.847683793103449,2.8,30584.13935372528,True,False,70.82446470511103,0
91045,Ballancourt-sur-Essonne,11 - Île-de-France,8191,20.24,28580.0,15.8409722558027,0.0,1,0,48.52445979591837,2.3857142857142857,0.0,30741.55153008724,False,False,51.01027606592881,1
91105,Breuillet,11 - Île-de-France,9157,16.17,29370.0,15.7314114567962,0.0,1,0,48.57373913043478,2.166899130434783,0.0,30632.105110782733,False,False,55.968367950938045,1
91122,Bures-sur-Yvette,11 - Île-de-France,9548,22.79,38250.0,19.1540734413573,0.0,1,0,48.691816,2.1567112,0.0,32967.9246389762,False,False,82.40077493815431,1
91191,Crosne,11 - Île-de-France,9610,14.84,28940.0,18.0341115453364,0.0,0,0,48.72117090909092,2.4637630303030305,2.0,29936.83556417368,True,False,96.15765575283147,0
91207,Égly,11 - Île-de-France,7166,13.9,26250.0,16.5626667348619,0.0,0,0,48.57890678571427,2.2195110714285717,2.2,29401.707513759644,True,False,62.393082748978046,0
91215,Épinay-sous-Sénart,11 - Île-de-France,11611,12.56,20810.0,17.3044767077804,0.0,0,0,48.690513,2.518357,1.2,30399.948086578624,True,False,83.19267365377821,0
91216,Épinay-sur-Orge,11 - Île-de-France,10722,19.66,32080.0,18.0359888640958,0.0,2,0,48.66999942857143,2.317014571428571,0.0,30643.317374633632,False,False,86.99099836281144,1
91235,Fleury-Mérogis,11 - Île-de-France,13721,4.28,21470.0,16.6163569410752,0.0,0,0,48.63386567567568,2.3683800000000006,2.8,29924.93448285322,True,False,80.63552421074259,0
91286,Grigny,11 - Île-de-France,26842,9.46,16470.0,15.1950064964789,0.0,0,0,48.65450333333333,2.38637875,1.9,32070.073779185142,True,True,80.31349017318138,0
91315,Itteville,11 - Île-de-France,6746,14.56,31610.0,15.8894837389044,0.0,0,0,48.51461184615384,2.3456126153846157,3.2,30681.370134716355,True,False,51.90004263009612,0
91330,Lardy,11 - Île-de-France,5530,15.98,32110.0,15.0695885756206,0.0,0,0,48.52638358490566,2.268261320754717,7.3,32491.695077525448,True,True,47.45615160273879,0
91339,Linas,11 - Île-de-France,7987,14.43,28060.0,16.9867608184296,0.0,1,0,48.627298333333336,2.254544285714285,0.0,30095.40721838538,False,False,66.89578349814498,1
91340,Lisses,11 - Île-de-France,7373,17.46,29510.0,17.5957552353026,0.0,0,0,48.59390633333335,2.422110833333333,2.5,30452.861998473432,True,False,69.52608032218339,0
91347,Longpont-sur-Orge,11 - Île-de-France,6482,15.88,31410.0,15.8475936295157,0.0,0,0,48.63807108108107,2.286518918918919,2.6,30537.77594670782,True,False,76.96040884196303,0
91363,Marcoussis,11 - Île-de-France,8618,17.88,32750.0,18.2368360478513,0.0,0,0,48.64535,2.207476,3.0,31251.80171968091,True,False,72.78115148830327,0
91376,Marolles-en-Hurepoix,11 - Île-de-France,5708,17.56,32140.0,15.494476493129,0.0,0,0,48.564377674418616,2.299199069767442,4.0,31358.35435332859,True,False,58.610149580141965,0
91461,Ollainville,11 - Île-de-France,5455,11.92,29720.0,16.6568539700612,0.0,0,0,48.60487117647059,2.219960196078432,2.4,29830.58162799185,True,False,63.11295035906187,0
91479,Paray-Vieille-Poste,11 - Île-de-France,8202,20.94,28010.0,17.2442031957412,0.0,0,0,48.72347878787879,2.3590178787878786,2.4,30508.26425633836,True,False,104.65248572882832,0
91540,Saint-Chéron,11 - Île-de-France,5132,17.16,30260.0,15.6422821878736,0.0,0,0,48.5467458,2.1271682,4.2,31104.0006830849,True,False,51.97155925692005,0
91552,Saint-Germain-lès-Arpajon,11 - Île-de-France,11623,11.51,27610.0,16.0804767794433,0.0,1,0,48.59690888888888,2.265172888888889,0.0,30361.58081101466,False,False,58.20094224909698,1
91553,Saint-Germain-lès-Corbeil,11 - Île-de-France,7469,19.84,33450.0,17.0132262092175,0.0,1,0,48.62608629629629,2.490833703703704,0.0,31403.157972610326,False,False,73.95504795760435,1
91573,Saint-Pierre-du-Perray,11 - Île-de-France,11993,9.53,29490.0,17.2020590339837,0.0,1,0,48.60644245283019,2.512575094339623,0.0,30588.63091905783,False,False,65.29542233199483,1
91577,Saintry-sur-Seine,11 - Île-de-France,5882,18.83,31010.0,16.5468407242525,0.0,0,0,48.59416115384616,2.494711153846154,1.9,30523.28128328029,True,False,62.639532522434415,0
91587,Saulx-les-Chartreux,11 - Île-de-France,6733,13.86,30140.0,16.4658634790549,0.0,0,0,48.68692275,2.2636645,2.2,30008.542859664376,True,False,83.83670413458444,0
91600,Soisy-sur-Seine,11 - Île-de-France,7418,25.1,34330.0,16.6550450631469,0.0,1,0,48.65975433333334,2.4649186666666667,0.0,32043.563846046596,False,False,83.02969317386712,1
91657,Vigneux-sur-Seine,11 - Île-de-France,31466,13.5,23660.0,17.1136182664069,0.0,2,0,48.70362825,2.43211825,0.0,31383.434263211344,False,False,92.87084555818906,1
91667,Villemoisson-sur-Orge,11 - Île-de-France,7332,19.12,33520.0,17.1671948936245,0.0,0,1,48.66413307692307,2.329623076923077,1.1,30950.99834111809,True,False,83.4513820929574,0
91689,Wissous,11 - Île-de-France,7151,16.15,33210.0,18.5690802766696,0.0,0,0,48.73215195652174,2.3280178260869566,2.5,30961.268548241533,True,False,105.01306885840933,0
92076,Vaucresson,11 - Île-de-France,8432,20.75,47390.0,22.6691569283542,0.0,1,0,48.8413936,2.1613868000000003,0.0,34196.36756390556,False,False,110.17555199993993,1
92077,Ville-d'Avray,11 - Île-de-France,11089,18.78,43480.0,22.8624806357419,0.0,1,1,48.82166242424242,2.1768854545454546,0.0,34161.67264802657,False,False,111.46063528867914,1
92078,Villeneuve-la-Garenne,11 - Île-de-France,26021,13.65,20310.0,19.5390429215034,0.0,3,0,48.935446,2.323751000000001,0.0,31336.998723631263,False,False,118.91323978861624,1
93014,Clichy-sous-Bois,11 - Île-de-France,29354,10.26,16520.0,16.5668667547671,0.0,1,0,48.90903,2.544604516129032,0.0,36522.47336112079,False,False,99.18110734374704,1
93015,Coubron,11 - Île-de-France,5175,18.24,30060.0,18.2768462091604,0.0,0,0,48.918040294117645,2.576389705882353,2.5,30642.14224714853,True,False,89.7312717173165,0
93030,Dugny,11 - Île-de-France,11700,9.04,19090.0,17.5245337263973,0.0,0,0,48.950620645161294,2.42152870967742,1.6,30903.8724115406,True,False,110.07723487603678,0
93033,Gournay-sur-Marne,11 - Île-de-France,7320,17.41,33850.0,18.2632039952536,0.0,0,0,48.860793809523805,2.5755814285714287,1.8,30893.571557901825,True,False,96.63567631019605,0
93039,L'Île-Saint-Denis,11 - Île-de-France,8696,13.35,19820.0,19.8690901927675,0.0,0,0,48.93632129032258,2.3246906451612896,0.1,30553.3436548853,True,False,118.42037269753791,0
93047,Montfermeil,11 - Île-de-France,28703,13.74,22800.0,17.2441730508583,0.0,2,2,48.89616,2.566554210526316,0.0,32046.17857493418,False,False,95.28601431792906,1
93057,Les Pavillons-sous-Bois,11 - Île-de-France,25804,12.28,23970.0,18.0754815253321,0.0,3,1,48.90684777777778,2.5030170370370373,0.0,29927.82026974595,False,False,110.18410572112988,1
93072,Stains,11 - Île-de-France,41388,9.48,17670.0,17.5323887638574,0.0,2,1,48.95537,2.3858365625,0.0,34612.198630584346,False,False,110.1461588080354,1
93074,Vaujours,11 - Île-de-France,8007,11.0,25270.0,17.0407958045851,0.0,0,0,48.93280166666668,2.5785813888888884,2.8,29226.48947952557,True,False,86.62874469500645,0
93078,Villepinte,11 - Île-de-France,41470,11.04,21760.0,17.7373811567388,0.0,0,0,48.9578576,2.5390156,2.4,30547.67446092263,True,False,92.6273831254762,0
94001,Ablon-sur-Seine,11 - Île-de-France,5988,13.87,27060.0,17.9752771085263,0.0,0,0,48.72465111111111,2.4206944444444445,1.2,29196.61831410817,True,False,102.91115740595728,0
94004,Boissy-Saint-Léger,11 - Île-de-France,17325,13.64,23910.0,18.3272898095171,0.0,2,0,48.7487921875,2.524156875,0.0,29999.49580955798,False,False,97.73808006521044,1
94021,Chevilly-Larue,11 - Île-de-France,19826,15.88,24550.0,19.3568445616299,0.0,1,0,48.76614264705883,2.348068529411765,0.0,32272.97944057497,False,False,112.59592710916576,1
94055,Ormesson-sur-Marne,11 - Île-de-France,10977,22.49,32680.0,18.8728549189982,0.0,0,0,48.785885,2.5387519444444444,1.2,31029.62408582673,True,False,97.49163007769184,0
94060,La Queue-en-Brie,11 - Île-de-France,12241,13.9,28450.0,18.5282673949441,0.0,0,0,48.776742388059695,2.5837010447761197,2.4,29966.82725808183,True,False,89.9819439227224,0
94065,Rungis,11 - Île-de-France,5611,18.29,33180.0,19.1742300933899,0.0,1,0,48.74942266666668,2.3493410000000003,0.0,30969.19038424837,False,False,110.16828356190138,1
94074,Valenton,11 - Île-de-France,14406,11.91,20040.0,18.1160890178205,0.0,0,0,48.7504070212766,2.4623593617021275,1.7,30900.9030214037,True,False,103.50894998955172,0
94075,Villecresnes,11 - Île-de-France,11647,19.34,31030.0,17.8376965561391,0.0,1,0,48.71947628571429,2.532256857142857,0.0,31794.460414109013,False,False,87.03547842591988,1
95019,Arnouville,11 - Île-de-France,15023,14.03,22380.0,18.093585459198,0.0,7,0,48.986158965517234,2.4163541379310347,0.0,28329.270137269563,False,False,99.74355750410352,1
95039,Auvers-sur-Oise,11 - Île-de-France,6863,18.96,32300.0,16.2618773109444,0.0,0,0,49.080461052631584,2.1513543859649125,4.2,31651.799975456022,True,False,65.06663243164195,0
95060,Bessancourt,11 - Île-de-France,8869,14.32,29730.0,18.4093597537707,0.0,0,0,49.03887333333333,2.1990525,2.0,30026.32053058113,True,False,82.53396872794976,0
95183,Courdimanche,11 - Île-de-France,7311,9.65,29270.0,17.571586169804,0.0,0,0,49.03980264705882,1.9999282352941172,2.4,29592.03744325353,True,False,65.005326959288,0
95205,Écouen,11 - Île-de-France,7202,13.98,28800.0,17.9015711098606,0.0,0,0,49.022801666666666,2.382245,2.1,29847.41309751605,True,False,94.73857498620278,0
95229,Ézanville,11 - Île-de-France,9858,17.25,27970.0,18.7850221779646,0.0,1,0,49.03695677419355,2.363011612903226,0.0,30814.018806322165,False,False,92.90344973487622,1
95306,Herblay-sur-Seine,11 - Île-de-France,31779,13.13,30160.0,18.395391862508,0.0,3,0,49.00453341463415,2.147956097560976,0.0,30562.04686608217,False,False,87.84866795293311,1
95323,Jouy-le-Moutier,11 - Île-de-France,17854,10.72,27790.0,17.2030253920002,0.0,2,0,49.01168500000001,2.031095833333333,0.0,29703.543899343524,False,False,72.95814187852079,1
95351,Louvres,11 - Île-de-France,12560,11.2,25030.0,16.8080299026866,0.0,2,0,49.04124803921569,2.5015464705882358,0.0,28775.318668981618,False,False,77.96567254962675,1
95352,Luzarches,11 - Île-de-France,5008,16.88,31590.0,16.2765751840021,0.0,1,0,49.117873925233646,2.431990560747664,0.0,30302.59448864047,False,False,70.93760329322056,1
95371,Marly-la-Ville,11 - Île-de-France,6022,15.3,29220.0,17.516973775652,0.0,1,0,49.0813652631579,2.5048810526315792,0.0,30025.149337494968,False,False,67.83533481052496,1
95388,Menucourt,11 - Île-de-France,6184,13.41,28240.0,16.9132312835629,0.0,0,0,49.02746407407408,1.975213333333333,3.9,30362.277485667957,True,False,64.7362672867392,0
95392,Mériel,11 - Île-de-France,5347,16.06,30350.0,17.3312463764736,0.0,0,0,49.077813928571416,2.212650714285714,3.6,30860.40177669485,True,False,68.34078053334407,0
95424,Montigny-lès-Cormeilles,11 - Île-de-France,22457,12.04,24460.0,18.1730025580272,0.0,4,1,48.99234392857142,2.1924675,0.0,28932.59737448842,False,False,92.18164966768508,1
95487,Persan,11 - Île-de-France,14359,9.97,21410.0,15.8772765004903,0.0,1,0,49.14812677419354,2.265631612903226,0.0,31717.946134076923,False,False,62.34073081348557,1
95488,Pierrelaye,11 - Île-de-France,10130,12.09,26090.0,17.3924345877699,0.0,1,0,49.0189376,2.162294,0.0,29969.3890428254,False,False,85.46456002631926,1
95491,Le Plessis-Bouchard,11 - Île-de-France,8518,17.24,32130.0,18.1626817086634,0.0,0,0,49.00320785714285,2.233867857142857,1.9,30644.6420245911,True,False,98.28925835114516,0
95574,Saint-Prix,11 - Île-de-France,7612,18.91,35550.0,17.7912425299621,0.0,0,0,49.01683257142857,2.2722468571428576,2.0,31370.213783624797,True,False,94.8265990320342,0
95598,Soisy-sous-Montmorency,11 - Île-de-France,18008,18.2,29460.0,19.6721441697771,0.0,2,0,48.98830513513514,2.304064594594594,0.0,30874.79547488804,False,False,104.6611462433308,1
95680,Villiers-le-Bel,11 - Île-de-France,30053,10.34,17750.0,19.1943314326916,0.0,2,0,49.00715875,2.403221,0.0,33388.68421371936,False,False,96.84274254550154,1
97103,Baie-Mahault,01 - Guadeloupe,30924,15.22,,17.0824275173092,0.0,7,0,16.252621256038648,-61.5898495652174,0.0,27896.97207617892,False,False,32.3334007963772,1
97104,Baillif,01 - Guadeloupe,5096,26.72,,12.3605044179752,0.0,0,0,16.04680888,-61.7171924,5.2,31446.873990582026,True,False,31.7084045497848,0
97105,Basse-Terre,01 - Guadeloupe,9417,23.79,,12.9661868948946,0.0,4,1,16.001296,-61.72922175,0.0,28943.021078584807,False,False,23.049106736600255,1
97106,Bouillante,01 - Guadeloupe,6127,27.24,,13.1722428356597,0.0,0,0,16.141289999999998,-61.76107960526315,12.4,34428.53936390737,True,True,26.027410960780585,0
97107,Capesterre-Belle-Eau,01 - Guadeloupe,17684,24.62,,13.5979177557168,0.0,1,0,16.05686857142857,-61.61080102040817,0.0,32262.418158318,False,False,28.23315373032292,1
97109,Gourbeyre,01 - Guadeloupe,7307,23.88,,15.9874354449314,0.0,0,0,15.999039565217393,-61.682256086956514,5.0,31290.82406270852,True,False,31.70422415398175,0
97113,Le Gosier,01 - Guadeloupe,27757,21.03,,16.8611101016347,0.0,1,0,16.223447647058823,-61.47819117647059,0.0,33952.121737005305,False,False,27.604391910900787,1
97114,Goyave,01 - Guadeloupe,7565,14.4,,16.437736191927,0.0,0,0,16.124229483870966,-61.611111548387086,6.7,31048.545867502595,True,False,36.55305341569131,0
97115,Lamentin,01 - Guadeloupe,18628,16.17,,12.8422837976585,0.0,0,0,16.246340046082953,-61.66647405529954,6.8,31136.640256904902,True,False,36.16069207589835,0
97116,Morne-à-l'Eau,01 - Guadeloupe,16228,23.8,,13.4505199603777,0.0,0,0,16.32439777251185,-61.48578587677724,5.8,31518.367306759785,True,False,23.464870119868728,0
97117,Le Moule,01 - Guadeloupe,23014,21.61,,14.4797256304499,0.0,1,0,16.322025,-61.3738631640625,0.0,32999.97125692076,False,False,14.449225356261502,1
97118,Petit-Bourg,01 - Guadeloupe,24665,18.01,,16.5496730743116,0.0,1,0,16.17212100436681,-61.64916554585153,0.0,33057.53829605884,False,False,31.37951413064904,1
97119,Petit-Canal,01 - Guadeloupe,8212,21.33,,13.7259835539844,0.0,0,0,16.39720123595506,-61.44815808988765,11.5,33519.4709038397,True,True,14.45919899491454,0
97120,Pointe-à-Pitre,01 - Guadeloupe,15040,18.3,,13.054883303168,0.0,2,3,16.226879122807016,-61.53424,0.0,30365.89967927045,False,False,33.12845982311088,1
97121,Pointe-Noire,01 - Guadeloupe,5762,26.61,,12.9648902351607,0.0,0,0,16.23001447368421,-61.76285026315789,10.1,33432.260432141855,True,True,25.07147250251997,0
97125,Saint-François,01 - Guadeloupe,13942,20.61,,15.1080352333511,0.0,0,0,16.269557103825136,-61.26339540983606,13.2,34235.191670298154,True,True,5.79403148827106,0
97128,Sainte-Anne,01 - Guadeloupe,23973,21.38,,15.8548743554115,0.0,0,0,16.254644493670888,-61.39598449367088,7.9,32290.812204862752,True,True,17.44833785488163,0
97129,Sainte-Rose,01 - Guadeloupe,17700,22.22,,12.5308763098731,0.0,1,0,16.297999832775922,-61.70001317725752,0.0,31967.429526888147,False,False,21.796389734533577,1
97132,Trois-Rivières,01 - Guadeloupe,7415,26.48,,13.6361308669518,0.0,0,0,15.984889465648855,-61.65121763358779,8.5,32824.994038225086,True,True,25.579728719471586,0
97134,Vieux-Habitants,01 - Guadeloupe,7077,26.71,,13.0172470303068,0.0,0,0,16.0855968,-61.72298906666667,9.4,33172.73920624598,True,True,31.7084045497848,0
97206,Le Diamant,02 - Martinique,6161,20.23,,17.9939619545721,0.0,0,0,14.48601532967033,-61.02020532967034,7.5,32027.062284035943,True,True,23.23408224652796,0
97207,Ducos,02 - Martinique,18105,19.59,,15.4509719039772,0.0,3,0,14.575524326241135,-60.96558390070922,0.0,29326.09256003272,False,False,32.78363602978185,1
97210,Le François,02 - Martinique,15778,24.29,,15.3843596066027,0.0,0,0,14.61359190625,-60.89195334375,7.8,32468.752030914973,True,True,29.59645700712469,0
97212,Gros-Morne,02 - Martinique,9610,26.24,,13.8553740843479,0.0,0,0,14.70950550295858,-61.0240400591716,9.0,33025.57642086448,True,True,27.259290837050592,0
97214,Le Lorrain,02 - Martinique,6566,29.33,,13.3060177974875,0.0,0,0,14.799713454545456,-61.075200181818175,16.0,36087.29231540357,True,True,15.596696011831565,0
97217,Le Marin,02 - Martinique,8486,23.56,,14.4989780297332,0.0,1,0,14.481346046511629,-60.8595126744186,0.0,30489.32797850108,False,False,15.801949504665126,1
97220,Rivière-Pilote,02 - Martinique,11604,24.03,,13.3055155089322,0.0,0,0,14.509206184210528,-60.89798276315789,5.2,31266.62319182966,True,False,24.101798110599137,0
97221,Rivière-Salée,02 - Martinique,11829,21.62,,14.045693092572,0.0,1,0,14.52735453125,-60.96537640625,0.0,30894.71703983681,False,False,26.94352063944697,1
97222,Le Robert,02 - Martinique,21553,21.05,,15.5744638696422,0.0,3,0,14.67722480769231,-60.92338818681319,0.0,29710.014529495136,False,False,28.749807162129034,1
97223,Saint-Esprit,02 - Martinique,10322,22.55,,13.7768227839368,0.0,0,0,14.561861984126985,-60.9258115079365,4.5,30856.500755430054,True,False,26.94352063944697,0
97224,Saint-Joseph,02 - Martinique,16258,23.32,,13.3544216686019,0.0,0,0,14.67807431693989,-61.04433278688525,4.9,31105.37370547811,True,False,32.02326005923762,0
97227,Sainte-Luce,02 - Martinique,9410,20.89,,17.601253168536,0.0,0,0,14.485089850746268,-60.94614985074627,5.1,31130.87423573208,True,False,22.210366243089453,0
97228,Sainte-Marie,02 - Martinique,14756,25.98,,13.113043936701,0.0,0,0,14.769617891891894,-61.01026891891891,8.3,32709.63918266793,True,True,23.317263444104672,0
97229,Schœlcher,02 - Martinique,19478,22.44,,16.7465894099409,0.0,1,0,14.651408723404252,-61.10115063829789,0.0,32547.157120995005,False,False,25.06511240710282,1
97231,Les Trois-Îlets,02 - Martinique,6507,20.54,,16.9533994450266,0.0,0,0,14.535570773809525,-61.03597607142857,7.7,32084.114325914124,True,True,27.544748365714227,0
97232,Le Vauclin,02 - Martinique,8483,28.45,,14.1017499389385,0.0,0,0,14.545050244897958,-60.85002791836734,7.2,32533.25980851798,True,True,23.42017110728091,0
97302,Cayenne,03 - Guyane,62675,9.13,,16.4888698595986,0.0,1,1,5.145236545454546,-52.65964418181817,0.0,37227.016398324486,False,False,16.4399658856701,1
97304,Kourou,03 - Guyane,24824,6.14,,15.9611624882161,0.0,0,0,4.888053491124261,-52.78356144970414,31.7,39617.48768587103,True,True,0.0,0
97305,Macouria,03 - Guyane,19899,5.49,,15.3692207641306,0.0,0,0,4.968145378787879,-52.50396446969697,25.9,37851.95208918077,True,True,11.026692924577452,0
97306,Mana,03 - Guyane,10957,4.07,,12.7578073046412,0.0,0,0,5.011085788787484,-53.68978615384615,115.1,39157.39574054671,True,True,0.0,0
97307,Matoury,03 - Guyane,36512,7.86,,15.2705109857667,0.0,0,0,4.831412028985508,-52.35356536231883,9.6,31660.45199786734,True,False,16.974255097897935,0
97309,Remire-Montjoly,03 - Guyane,27723,9.24,,16.8103866090265,0.0,1,0,4.8852075,-52.28525277777778,0.0,32758.963393552334,False,False,16.974255097897935,1
97311,Saint-Laurent-du-Maroni,03 - Guyane,54429,3.27,,16.3231436429449,0.0,0,0,4.957389082706767,-53.96872469172932,146.5,39522.4729315028,True,True,0.0,0
97353,Maripasoula,03 - Guyane,9579,2.34,,13.3164044517987,0.0,0,0,2.899057536800785,-53.87542943081453,282.7,39006.40856416142,True,True,0.0,0
97357,Grand-Santi,03 - Guyane,9668,2.52,,12.7578073046412,0.0,0,0,4.37798747826087,-54.13812782608696,184.7,38994.88436276151,True,True,0.0,0
97360,Apatou,03 - Guyane,10306,2.42,,12.7578073046412,0.0,0,0,4.832381499999999,-54.22469170588237,176.8,38988.60217426419,True,True,0.0,0
97362,Papaichton,03 - Guyane,5006,2.27,,13.3164044517987,0.0,0,0,4.05633476340694,-54.01847624605677,193.2,38972.76036353169,True,True,0.0,0
97401,Les Avirons,04 - La Réunion,11536,13.32,21880.0,15.4750521813207,0.0,0,0,-21.207289152542373,55.36088237288135,3.8,30991.87534898475,True,False,73.07041992254057,0
97402,Bras-Panon,04 - La Réunion,13012,12.23,19160.0,12.4728716426462,0.0,1,0,-21.02909675,55.6154888,0.0,32406.381028415228,False,False,57.07401237949614,1
97403,Entre-Deux,04 - La Réunion,7176,15.14,20380.0,13.8259829400442,0.0,1,0,-21.20849826086956,55.49272440217391,0.0,31193.993667253617,False,False,85.91371317359983,1
97404,L'Étang-Salé,04 - La Réunion,14464,13.39,22870.0,16.51839788803,0.0,1,0,-21.240665766871164,55.366748588957066,0.0,31537.950722019377,False,False,70.01572798342066,1
97405,Petite-Île,04 - La Réunion,13067,16.93,19110.0,13.6096778511598,0.0,0,0,-21.33618299319728,55.5722137414966,6.2,33322.338533175425,True,True,58.85534176739602,0
97406,La Plaine-des-Palmistes,04 - La Réunion,6936,14.13,17700.0,12.6791733129069,0.0,0,0,-21.156258164556963,55.62798702531645,7.2,33916.935218985775,True,True,51.659087102403,0
97407,Le Port,04 - La Réunion,33969,13.59,16710.0,13.8180206055298,0.0,3,1,-20.939287471264365,55.29877379310344,0.0,33259.55405380335,False,False,39.90136655580363,1
97408,La Possession,04 - La Réunion,36568,9.78,23650.0,15.2907059297979,0.0,0,0,-21.00739545112782,55.40594567669173,8.1,31790.387780551824,True,True,73.66001724325783,0
97410,Saint-Benoît,04 - La Réunion,38604,12.64,16460.0,11.7523034783885,0.0,1,0,-21.09222729230769,55.63610083076923,0.0,38247.24733195558,False,False,54.06749362954357,1
97412,Saint-Joseph,04 - La Réunion,39207,15.67,16870.0,13.1355823633009,0.0,3,0,-21.30903392,55.64018544,0.0,33438.05843165029,False,False,47.14814015335831,1
97413,Saint-Leu,04 - La Réunion,36163,13.06,19680.0,16.2865296075058,0.0,2,0,-21.170885607476635,55.334781168224296,0.0,33327.9072187409,False,False,62.67175701212092,1
97417,Saint-Philippe,04 - La Réunion,5082,15.03,16890.0,12.762995393569,0.0,0,0,-21.325601301775144,55.73876727810651,10.4,35602.55358503912,True,True,20.425227459883487,0
97418,Sainte-Marie,04 - La Réunion,37093,11.64,21270.0,13.7972392504451,0.0,3,0,-20.954230050505053,55.52525732323233,0.0,31177.997155935285,False,False,53.62089860929196,1
97419,Sainte-Rose,04 - La Réunion,6557,14.7,15990.0,11.9285408724221,0.0,0,0,-21.172139145728643,55.75810175879396,15.5,37930.95188160143,True,True,27.113471301563997,0
97420,Sainte-Suzanne,04 - La Réunion,25551,11.02,19560.0,13.3967920083126,0.0,0,0,-20.952010173410407,55.59033872832369,4.6,31973.795762296,True,True,48.39889245962166,0
97421,Salazie,04 - La Réunion,7268,12.66,15180.0,12.3087527894794,0.0,0,0,-21.046328939393945,55.51586025252525,10.3,35993.45787684997,True,True,74.8258967377613,0
97423,Les Trois-Bassins,04 - La Réunion,7221,14.43,18980.0,14.8940860019585,0.0,0,0,-21.11153888888889,55.3326138271605,6.3,33199.01626321466,True,True,72.90727346298748,0
97424,Cilaos,04 - La Réunion,5040,15.14,15660.0,11.9285408724221,0.0,0,0,-21.13845698630137,55.457354657534246,8.6,35337.26202566977,True,True,74.67393435985868,0
